AT;1000;Wien;DE
AT;1004;Wien;DE
AT;1006;Wien;DE
AT;1010;Wien;DE
AT;1011;Wien Postfach;DE
AT;1013;Wien;DE
AT;1015;Wien;DE
AT;1016;Wien;DE
AT;1017;Wien-Parlament;DE
AT;1018;Wien;DE
AT;1020;Wien;DE
AT;1021;Wien Postfach;DE
AT;1022;Wien;DE
AT;1023;Wien;DE
AT;1024;Wien;DE
AT;1025;Wien;DE
AT;1026;Wien;DE
AT;1027;Wien;DE
AT;1029;Wien;DE
AT;1030;Wien;DE
AT;1031;Wien Postfach;DE
AT;1032;Wien;DE
AT;1033;Wien;DE
AT;1034;Wien;DE
AT;1035;Wien;DE
AT;1037;Wien;DE
AT;1038;Wien;DE
AT;1039;Wien;DE
AT;1040;Wien;DE
AT;1041;Wien Postfach;DE
AT;1042;Wien;DE
AT;1043;Wien;DE
AT;1045;Wien;DE
AT;1046;Wien;DE
AT;1047;Wien;DE
AT;1050;Wien;DE
AT;1051;Wien Postfach;DE
AT;1052;Wien;DE
AT;1053;Wien;DE
AT;1054;Wien;DE
AT;1060;Wien;DE
AT;1061;Wien Postfach;DE
AT;1062;Wien;DE
AT;1063;Wien-VÖPh;DE
AT;1064;Wien;DE
AT;1065;Wien;DE
AT;1070;Wien;DE
AT;1071;Wien Postfach;DE
AT;1072;Wien;DE
AT;1075;Wien;DE
AT;1080;Wien;DE
AT;1081;Wien Postfach;DE
AT;1082;Wien;DE
AT;1090;Wien;DE
AT;1091;Wien Postfach;DE
AT;1092;Wien;DE
AT;1093;Wien;DE
AT;1094;Wien;DE
AT;1095;Wien;DE
AT;1097;Wien;DE
AT;1100;Wien;DE
AT;1101;Wien Postfach;DE
AT;1102;Wien;DE
AT;1103;Wien;DE
AT;1104;Wien;DE
AT;1105;Wien;DE
AT;1106;Wien;DE
AT;1107;Wien;DE
AT;1108;Wien;DE
AT;1109;Wien;DE
AT;1110;Wien;DE
AT;1111;Wien Postfach;DE
AT;1113;Wien;DE
AT;1114;Wien;DE
AT;1115;Wien;DE
AT;1117;Wien;DE
AT;1120;Wien;DE
AT;1121;Wien Postfach;DE
AT;1122;Wien;DE
AT;1124;Wien;DE
AT;1125;Wien;DE
AT;1127;Wien;DE
AT;1128;Wien;DE
AT;1130;Wien;DE
AT;1131;Wien Postfach;DE
AT;1132;Wien;DE
AT;1133;Wien;DE
AT;1134;Wien;DE
AT;1136;Wien;DE
AT;1140;Wien;DE
AT;1141;Wien Postfach;DE
AT;1142;Wien;DE
AT;1143;Wien;DE
AT;1144;Wien;DE
AT;1145;Wien;DE
AT;1146;Wien;DE
AT;1147;Wien;DE
AT;1148;Wien;DE
AT;1150;Wien;DE
AT;1151;Wien Postfach;DE
AT;1152;Wien;DE
AT;1153;Wien;DE
AT;1155;Wien;DE
AT;1156;Wien;DE
AT;1160;Wien;DE
AT;1161;Wien Postfach;DE
AT;1162;Wien;DE
AT;1163;Wien;DE
AT;1165;Wien;DE
AT;1166;Wien;DE
AT;1170;Wien;DE
AT;1171;Wien Postfach;DE
AT;1172;Wien;DE
AT;1173;Wien;DE
AT;1174;Wien;DE
AT;1180;Wien;DE
AT;1181;Wien Postfach;DE
AT;1182;Wien;DE
AT;1183;Wien;DE
AT;1184;Wien;DE
AT;1190;Wien;DE
AT;1191;Wien Postfach;DE
AT;1192;Wien;DE
AT;1193;Wien;DE
AT;1194;Wien;DE
AT;1195;Wien;DE
AT;1196;Wien;DE
AT;1200;Wien;DE
AT;1201;Wien Postfach;DE
AT;1203;Wien;DE
AT;1205;Wien;DE
AT;1206;Wien;DE
AT;1208;Wien;DE
AT;1210;Wien;DE
AT;1211;Wien Postfach;DE
AT;1212;Wien;DE
AT;1213;Wien;DE
AT;1214;Wien;DE
AT;1215;Wien;DE
AT;1217;Wien;DE
AT;1218;Wien;DE
AT;1219;Wien;DE
AT;1220;Wien;DE
AT;1221;Wien Postfach;DE
AT;1222;Wien;DE
AT;1223;Wien;DE
AT;1224;Wien;DE
AT;1225;Wien;DE
AT;1227;Wien;DE
AT;1228;Wien;DE
AT;1229;Wien;DE
AT;1230;Wien;DE
AT;1231;Wien Postfach;DE
AT;1233;Wien;DE
AT;1235;Wien;DE
AT;1236;Wien;DE
AT;1238;Wien;DE
AT;1239;Wien;DE
AT;1251;Wien;DE
AT;1252;Wien;DE
AT;1253;Wien;DE
AT;1254;Wien;DE
AT;1255;Wien;DE
AT;1300;Wien-Flughafen;DE
AT;1301;Wien;DE
AT;1310;Wien;DE
AT;1321;Wien;DE
AT;1400;Wien-Vereinte Nationen;DE
AT;1402;Wien;DE
AT;1421;Wien;DE
AT;1423;Wien;DE
AT;1500;UNDOF AUTCON;DE
AT;1502;AUTCON EUFOR;DE
AT;1503;AUTCON KFOR;DE
AT;1600;Wien;DE
AT;1601;Wien;DE
AT;1810;Wien;DE
AT;1901;Wien;DE
AT;2000;Stockerau;DE
AT;2002;Großmugl;DE
AT;2003;Leitzersdorf;DE
AT;2004;Niederhollabrunn;DE
AT;2011;Sierndorf;DE
AT;2013;Göllersdorf;DE
AT;2014;Breitenwaida;DE
AT;2020;Hollabrunn;DE
AT;2022;Immendorf;DE
AT;2023;Nappersdorf;DE
AT;2024;Mailberg;DE
AT;2031;Eggendorf im Thale;DE
AT;2032;Enzersdorf im Thale;DE
AT;2033;Kammersdorf;DE
AT;2034;Großharras;DE
AT;2041;Wullersdorf;DE
AT;2042;Guntersdorf;DE
AT;2051;Zellerndorf;DE
AT;2052;Pernersdorf-Pfaffendorf;DE
AT;2053;Jetzelsdorf;DE
AT;2054;Haugsdorf;DE
AT;2061;Hadres;DE
AT;2062;Seefeld-Großkadolz;DE
AT;2063;Zwingendorf;DE
AT;2064;Wulzeshofen;DE
AT;2070;Retz;DE
AT;2073;Schrattenthal;DE
AT;2074;Unterretzbach;DE
AT;2081;Niederfladnitz;DE
AT;2082;Hardegg;DE
AT;2083;Pleißing;DE
AT;2084;Weitersfeld;DE
AT;2091;Langau;DE
AT;2092;Riegersburg;DE
AT;2093;Geras;DE
AT;2094;Zissersdorf;DE
AT;2095;Drosendorf;DE
AT;2100;Korneuburg;DE
AT;2102;Bisamberg;DE
AT;2103;Langenzersdorf;DE
AT;2104;Spillern;DE
AT;2105;Oberrohrbach;DE
AT;2106;Klein-Engersdorf;DE
AT;2111;Rückersdorf-Harmannsdorf;DE
AT;2112;Würnitz;DE
AT;2113;Karnabrunn;DE
AT;2114;Großrußbach;DE
AT;2115;Ernstbrunn;DE
AT;2116;Niederleis;DE
AT;2120;Wolkersdorf im Weinviertel;DE
AT;2122;Ulrichskirchen;DE
AT;2123;Schleinbach;DE
AT;2124;Niederkreuzstetten;DE
AT;2125;Neubau;DE
AT;2126;Ladendorf;DE
AT;2127;Hautzendorf;DE
AT;2128;Wolfpassing;DE
AT;2130;Mistelbach;DE
AT;2132;Frättingsdorf;DE
AT;2133;Loosdorf;DE
AT;2134;Staatz-Kautendorf;DE
AT;2135;Neudorf bei Staatz;DE
AT;2136;Laa an der Thaya;DE
AT;2137;Eibesthal;DE
AT;2141;Ameis;DE
AT;2143;Großkrut;DE
AT;2144;Altlichtenwarth;DE
AT;2145;Hausbrunn;DE
AT;2151;Asparn an der Zaya;DE
AT;2152;Gnadendorf;DE
AT;2153;Stronsdorf;DE
AT;2154;Unterstinkenbrunn;DE
AT;2161;Poysbrunn;DE
AT;2162;Falkenstein;DE
AT;2163;Ottenthal;DE
AT;2164;Wildendürnbach;DE
AT;2165;Drasenhofen;DE
AT;2170;Poysdorf;DE
AT;2171;Herrnbaumgarten;DE
AT;2172;Schrattenberg;DE
AT;2173;Kleinhadersdorf;DE
AT;2181;Dobermannsdorf;DE
AT;2182;Palterndorf;DE
AT;2183;Neusiedl an der Zaya;DE
AT;2184;Hauskirchen;DE
AT;2185;Prinzendorf an der Zaya;DE
AT;2191;Gaweinstal;DE
AT;2192;Kettlasbrunn;DE
AT;2193;Wilfersdorf;DE
AT;2201;Gerasdorf;DE
AT;2202;Enzersfeld;DE
AT;2203;Großebersdorf;DE
AT;2211;Pillichsdorf;DE
AT;2212;Großengersdorf;DE
AT;2213;Bockfließ;DE
AT;2214;Auersthal;DE
AT;2215;Raggendorf;DE
AT;2221;Groß Schweinbarth;DE
AT;2222;Bad Pirawarth;DE
AT;2223;Hohenruppersdorf;DE
AT;2224;Obersulz;DE
AT;2225;Zistersdorf;DE
AT;2230;Gänserndorf;DE
AT;2231;Strasshof an der Nordbahn;DE
AT;2232;Deutsch Wagram;DE
AT;2241;Schönkirchen;DE
AT;2242;Prottes;DE
AT;2243;Matzen;DE
AT;2244;Spannberg;DE
AT;2245;Velm-Götzendorf;DE
AT;2251;Ebenthal;DE
AT;2252;Ollersdorf;DE
AT;2253;Weikendorf;DE
AT;2261;Angern an der March;DE
AT;2262;Stillfried;DE
AT;2263;Dürnkrut;DE
AT;2264;Jedenspeigen;DE
AT;2265;Drösing;DE
AT;2272;Niederabsdorf;DE
AT;2273;Hohenau an der March;DE
AT;2274;Rabensburg;DE
AT;2275;Bernhardsthal;DE
AT;2276;Reintal;DE
AT;2281;Raasdorf;DE
AT;2282;Markgrafneusiedl;DE
AT;2283;Obersiebenbrunn;DE
AT;2284;Untersiebenbrunn;DE
AT;2285;Leopoldsdorf im Marchfelde;DE
AT;2286;Haringsee;DE
AT;2291;Lassee;DE
AT;2292;Engelhartstetten;DE
AT;2293;Marchegg Stadt;DE
AT;2294;Marchegg Bahnhof;DE
AT;2295;Oberweiden;DE
AT;2301;Groß-Enzersdorf;DE
AT;2304;Orth an der Donau;DE
AT;2305;Eckartsau;DE
AT;2320;Schwechat;DE
AT;2322;Zwölfaxing;DE
AT;2324;Schwechat-Rannersdorf;DE
AT;2325;Himberg;DE
AT;2326;Maria Lanzendorf;DE
AT;2331;Vösendorf;DE
AT;2332;Hennersdorf;DE
AT;2333;Leopoldsdorf;DE
AT;2334;Vösendorf;DE
AT;2340;Mödling;DE
AT;2342;Mödling;DE
AT;2344;Maria Enzersdorf;DE
AT;2345;Brunn am Gebirge;DE
AT;2346;Maria Enzersdorf-Südstadt;DE
AT;2348;Mödling;DE
AT;2349;Mödling;DE
AT;2351;Wiener Neudorf;DE
AT;2352;Gumpoldskirchen;DE
AT;2353;Guntramsdorf;DE
AT;2355;Wiener Neudorf;DE
AT;2356;Wiener Neudorf;DE
AT;2361;Laxenburg;DE
AT;2362;Biedermannsdorf;DE
AT;2371;Hinterbrühl;DE
AT;2372;Gießhübl;DE
AT;2380;Perchtoldsdorf;DE
AT;2381;Laab im Walde;DE
AT;2382;Perchtoldsdorf;DE
AT;2384;Breitenfurt bei Wien;DE
AT;2391;Kaltenleutgeben;DE
AT;2392;Sulz im Wienerwald;DE
AT;2393;Sittendorf;DE
AT;2401;Fischamend;DE
AT;2402;Maria Ellend;DE
AT;2403;Regelsbrunn;DE
AT;2404;Petronell;DE
AT;2405;Bad Deutsch Altenburg;DE
AT;2406;Haslau an der Donau;DE
AT;2410;Hainburg an der Donau;DE
AT;2412;Wolfsthal;DE
AT;2413;Berg;DE
AT;2421;Kittsee;DE
AT;2422;Pama;DE
AT;2423;Deutsch Jahrndorf;DE
AT;2424;Zurndorf;DE
AT;2425;Nickelsdorf;DE
AT;2431;Kleinneusiedl;DE
AT;2432;Schwadorf;DE
AT;2433;Margarethen am Moos;DE
AT;2434;Götzendorf an der Leitha;DE
AT;2435;Ebergassing;DE
AT;2440;Gramatneusiedl;DE
AT;2441;Mitterndorf an der Fischa;DE
AT;2442;Unterwaltersdorf;DE
AT;2443;Deutsch-Brodersdorf;DE
AT;2444;Seibersdorf;DE
AT;2445;Leithaprodersdorf;DE
AT;2451;Hof am Leithaberge;DE
AT;2452;Mannersdorf am Leithagebirge;DE
AT;2453;Sommerein;DE
AT;2454;Trautmannsdorf an der Leitha;DE
AT;2460;Bruck an der Leitha;DE
AT;2462;Wilfleinsdorf;DE
AT;2463;Stixneusiedl;DE
AT;2464;Göttlesbrunn;DE
AT;2465;Höflein;DE
AT;2471;Rohrau;DE
AT;2472;Prellenkirchen;DE
AT;2473;Potzneusiedl;DE
AT;2474;Gattendorf;DE
AT;2475;Neudorf;DE
AT;2481;Achau;DE
AT;2482;Münchendorf;DE
AT;2483;Ebreichsdorf;DE
AT;2484;Weigelsdorf, Fischa;DE
AT;2485;Wampersdorf;DE
AT;2486;Pottendorf;DE
AT;2490;Ebenfurth;DE
AT;2491;Neufeld an der Leitha;DE
AT;2492;Eggendorf;DE
AT;2493;Lichtenwörth-Nadelburg;DE
AT;2500;Baden;DE
AT;2502;Baden-Leesdorf;DE
AT;2503;Baden;DE
AT;2504;Sooß;DE
AT;2505;Baden-Leesdorf;DE
AT;2511;Pfaffstätten;DE
AT;2512;Tribuswinkel;DE
AT;2513;Traiskirchen;DE
AT;2514;Traiskirchen;DE
AT;2521;Trumau;DE
AT;2522;Oberwaltersdorf;DE
AT;2523;Tattendorf;DE
AT;2524;Teesdorf;DE
AT;2525;Günselsdorf;DE
AT;2531;Gaaden;DE
AT;2532;Heiligenkreuz im Wienerwald;DE
AT;2533;Klausen-Leopoldsdorf;DE
AT;2534;Alland;DE
AT;2540;Bad Vöslau;DE
AT;2542;Kottingbrunn;DE
AT;2544;Leobersdorf;DE
AT;2551;Enzesfeld-Lindabrunn;DE
AT;2552;Hirtenberg;DE
AT;2560;Berndorf;DE
AT;2563;Pottenstein;DE
AT;2564;Weissenbach an der Triesting;DE
AT;2565;Neuhaus;DE
AT;2571;Altenmarkt-Thenneberg;DE
AT;2572;Kaumberg;DE
AT;2601;Sollenau;DE
AT;2602;Blumau-Neurißhof;DE
AT;2603;Felixdorf;DE
AT;2604;Theresienfeld;DE
AT;2620;Neunkirchen;DE
AT;2624;Breitenau;DE
AT;2625;Schwarzau am Steinfelde;DE
AT;2630;Ternitz;DE
AT;2631;Sieding-Stixenstein;DE
AT;2632;Wimpassing im Schwarzatale;DE
AT;2640;Gloggnitz;DE
AT;2641;Schottwien;DE
AT;2642;Maria Schutz;DE
AT;2650;Payerbach;DE
AT;2651;Reichenau an der Rax;DE
AT;2654;Prein an der Rax;DE
AT;2661;Naßwald;DE
AT;2662;Schwarzau im Gebirge;DE
AT;2663;Rohr im Gebirge;DE
AT;2671;Küb;DE
AT;2673;Breitenstein;DE
AT;2680;Semmering;DE
AT;2700;Wiener Neustadt;DE
AT;2702;Wiener Neustadt;DE
AT;2703;Wiener Neustadt;DE
AT;2705;Wiener Neustadt;DE
AT;2706;Wiener Neustadt;DE
AT;2707;Wiener Neustadt;DE
AT;2721;Bad Fischau;DE
AT;2722;Winzendorf;DE
AT;2723;Muthmannsdorf;DE
AT;2724;Hohe Wand-Stollhof;DE
AT;2731;St. Egyden am Steinfeld;DE
AT;2732;Willendorf;DE
AT;2733;Grünbach am Schneeberg;DE
AT;2734;Puchberg am Schneeberg;DE
AT;2751;Steinabrückl;DE
AT;2752;Wöllersdorf;DE
AT;2753;Markt Piesting;DE
AT;2754;Waldegg;DE
AT;2755;Oed;DE
AT;2761;Miesenbach;DE
AT;2763;Pernitz;DE
AT;2770;Gutenstein;DE
AT;2801;Katzelsdorf;DE
AT;2802;Hochwolkersdorf;DE
AT;2803;Schwarzenbach;DE
AT;2811;Wiesmath;DE
AT;2812;Hollenthon;DE
AT;2813;Lichtenegg;DE
AT;2821;Lanzenkirchen;DE
AT;2822;Bad Erlach;DE
AT;2823;Pitten;DE
AT;2824;Seebenstein;DE
AT;2831;Warth;DE
AT;2832;Thernberg;DE
AT;2833;Bromberg;DE
AT;2840;Grimmenstein;DE
AT;2842;Edlitz;DE
AT;2851;Krumbach;DE
AT;2852;Hochneukirchen;DE
AT;2853;Bad Schönau;DE
AT;2860;Kirchschlag in der Buckligen Welt;DE
AT;2870;Aspang;DE
AT;2871;Zöbern;DE
AT;2872;Mönichkirchen;DE
AT;2873;Feistritz am Wechsel;DE
AT;2880;Kirchberg am Wechsel;DE
AT;2881;Trattenbach;DE
AT;3001;Mauerbach;DE
AT;3002;Purkersdorf;DE
AT;3003;Gablitz;DE
AT;3004;Ried am Riederberg;DE
AT;3011;Untertullnerbach;DE
AT;3012;Wolfsgraben;DE
AT;3013;Tullnerbach-Lawies;DE
AT;3021;Pressbaum;DE
AT;3031;Rekawinkel;DE
AT;3032;Eichgraben;DE
AT;3033;Altlengbach;DE
AT;3034;Maria Anzbach;DE
AT;3040;Neulengbach;DE
AT;3041;Asperhofen;DE
AT;3042;Würmla;DE
AT;3051;St. Christophen;DE
AT;3052;Innermanzing;DE
AT;3053;Laaben;DE
AT;3061;Ollersbach;DE
AT;3062;Kirchstetten;DE
AT;3071;Böheimkirchen;DE
AT;3072;Kasten bei Böheimkirchen;DE
AT;3073;Stössing;DE
AT;3074;Michelbach;DE
AT;3100;St. Pölten;DE
AT;3101;St. Pölten Postfach;DE
AT;3103;St. Pölten;DE
AT;3104;St. Pölten-Harland;DE
AT;3105;St. Pölten-Radlberg;DE
AT;3106;St. Pölten-Spratzern;DE
AT;3107;St. Pölten-Traisenpark;DE
AT;3108;St. Pölten-Wagram;DE
AT;3109;St. Pölten;DE
AT;3110;Neidling;DE
AT;3111;St. Pölten;DE
AT;3114;St. Pölten;DE
AT;3121;Karlstetten;DE
AT;3122;Gansbach;DE
AT;3123;Obritzberg;DE
AT;3124;Oberwölbling;DE
AT;3125;Statzendorf;DE
AT;3130;Herzogenburg;DE
AT;3131;Getzersdorf;DE
AT;3133;Traismauer;DE
AT;3134;Nußdorf;DE
AT;3140;Pottenbrunn;DE
AT;3141;Kapelln;DE
AT;3142;Perschling;DE
AT;3143;Pyhra;DE
AT;3144;Wald;DE
AT;3150;Wilhelmsburg;DE
AT;3151;St. Georgen am Steinfelde;DE
AT;3153;Eschenau;DE
AT;3160;Traisen;DE
AT;3161;St. Veit an der Gölsen;DE
AT;3162;Rainfeld;DE
AT;3163;Rohrbach;DE
AT;3170;Hainfeld;DE
AT;3171;Kleinzell-Salzerbad;DE
AT;3172;Ramsau;DE
AT;3180;Lilienfeld;DE
AT;3182;Marktl, Traisental;DE
AT;3183;Freiland;DE
AT;3184;Türnitz;DE
AT;3192;Hohenberg;DE
AT;3193;St. Aegyd am Neuwalde;DE
AT;3195;Kernhof;DE
AT;3200;Ober-Grafendorf;DE
AT;3202;Hofstetten;DE
AT;3203;Rabenstein an der Pielach;DE
AT;3204;Kirchberg an der Pielach;DE
AT;3205;Weinburg;DE
AT;3211;Loich;DE
AT;3212;Schwarzenbach an der Pielach;DE
AT;3213;Frankenfels;DE
AT;3214;Puchenstuben;DE
AT;3221;Gösing an der Mariazellerbahn;DE
AT;3222;Annaberg;DE
AT;3223;Wienerbruck;DE
AT;3224;Mitterbach;DE
AT;3231;St. Margarethen an der Sierning;DE
AT;3232;Bischofstetten;DE
AT;3233;Kilb;DE
AT;3240;Mank;DE
AT;3241;Kirnberg an der Mank;DE
AT;3242;Texing;DE
AT;3243;St. Leonhard am Forst;DE
AT;3244;Ruprechtshofen;DE
AT;3250;Wieselburg;DE
AT;3251;Purgstall;DE
AT;3252;Petzenkirchen;DE
AT;3253;Erlauf;DE
AT;3254;Bergland;DE
AT;3261;Steinakirchen am Forst;DE
AT;3262;Wang;DE
AT;3263;Randegg;DE
AT;3264;Gresten;DE
AT;3270;Scheibbs;DE
AT;3281;Oberndorf an der Melk;DE
AT;3282;St. Georgen an der Leys;DE
AT;3283;St. Anton an der Jeßnitz;DE
AT;3291;Kienberg;DE
AT;3292;Gaming;DE
AT;3293;Lunz am See;DE
AT;3294;Langau;DE
AT;3295;Lackenhof;DE
AT;3300;Amstetten;DE
AT;3304;St. Georgen am Ybbsfelde;DE
AT;3305;Amstetten;DE
AT;3311;Zeillern;DE
AT;3312;Oed;DE
AT;3313;Wallsee;DE
AT;3314;Strengberg;DE
AT;3321;Ardagger;DE
AT;3322;Viehdorf;DE
AT;3323;Neustadtl an der Donau;DE
AT;3324;Euratsfeld;DE
AT;3325;Ferschnitz;DE
AT;3331;Kematen;DE
AT;3332;Rosenau am Sonntagberg;DE
AT;3333;Böhlerwerk;DE
AT;3334;Gaflenz;DE
AT;3335;Weyer;DE
AT;3340;Waidhofen an der Ybbs;DE
AT;3341;Ybbsitz;DE
AT;3342;Opponitz;DE
AT;3343;Hollenstein an der Ybbs;DE
AT;3344;St. Georgen am Reith;DE
AT;3345;Göstling an der Ybbs;DE
AT;3350;Haag;DE
AT;3351;Weistrach;DE
AT;3352;St. Peter in der Au;DE
AT;3353;Seitenstetten;DE
AT;3354;Wolfsbach;DE
AT;3355;Ertl;DE
AT;3356;Biberbach;DE
AT;3361;Aschbach Markt;DE
AT;3362;Mauer-Öhling;DE
AT;3363;Ulmerfeld-Hausmening;DE
AT;3364;Neuhofen an der Ybbs;DE
AT;3365;Allhartsberg;DE
AT;3366;Kühberg;DE
AT;3370;Ybbs an der Donau;DE
AT;3371;Neumarkt an der Ybbs;DE
AT;3372;Blindenmarkt;DE
AT;3373;Kemmelbach;DE
AT;3374;Säusenstein;DE
AT;3375;Krummnußbaum;DE
AT;3376;St. Martin-Karlsbach;DE
AT;3380;Pöchlarn;DE
AT;3381;Golling;DE
AT;3382;Loosdorf;DE
AT;3383;Hürm;DE
AT;3384;Groß Sierning;DE
AT;3385;Prinzersdorf;DE
AT;3386;Hafnerbach;DE
AT;3387;Groß Sierning;DE
AT;3388;Markersdorf an der Pielach;DE
AT;3390;Melk;DE
AT;3392;Schönbühel an der Donau;DE
AT;3393;Matzleinsdorf;DE
AT;3400;Klosterneuburg;DE
AT;3402;Klosterneuburg;DE
AT;3404;Klosterneuburg;DE
AT;3413;Hintersdorf;DE
AT;3420;Kritzendorf;DE
AT;3421;Höflein an der Donau;DE
AT;3422;Greifenstein;DE
AT;3423;St. Andrä-Wördern;DE
AT;3424;Zeiselmauer;DE
AT;3425;Langenlebarn;DE
AT;3426;Muckendorf-Wipfing;DE
AT;3430;Tulln an der Donau;DE
AT;3433;Königstetten;DE
AT;3434;Tulbing;DE
AT;3435;Zwentendorf an der Donau;DE
AT;3441;Judenau;DE
AT;3442;Langenrohr;DE
AT;3443;Sieghartskirchen;DE
AT;3451;Michelhausen;DE
AT;3452;Atzenbrugg;DE
AT;3454;Sitzenberg-Reidling;DE
AT;3455;Heiligeneich;DE
AT;3462;Absdorf;DE
AT;3463;Stetteldorf am Wagram;DE
AT;3464;Hausleiten;DE
AT;3465;Königsbrunn am Wagram;DE
AT;3470;Kirchberg am Wagram;DE
AT;3471;Großriedenthal;DE
AT;3472;Hohenwarth;DE
AT;3473;Mühlbach am Manhartsberg;DE
AT;3474;Altenwörth;DE
AT;3481;Fels am Wagram;DE
AT;3482;Gösing am Wagram;DE
AT;3483;Feuersbrunn;DE
AT;3484;Grafenwörth;DE
AT;3485;Haitzendorf;DE
AT;3491;Straß im Straßertale;DE
AT;3492;Etsdorf am Kamp;DE
AT;3493;Hadersdorf am Kamp;DE
AT;3494;Gedersdorf;DE
AT;3495;Rohrendorf bei Krems;DE
AT;3500;Krems an der Donau;DE
AT;3501;Krems-Lerchenfeld;DE
AT;3502;Krems-Lerchenfeld;DE
AT;3503;Krems-Rehberg;DE
AT;3504;Krems-Stein;DE
AT;3505;Krems;DE
AT;3506;Krems-Hollenburg;DE
AT;3507;Krems-Mitterau;DE
AT;3508;Paudorf;DE
AT;3509;Krems;DE
AT;3511;Furth bei Göttweig;DE
AT;3512;Mautern;DE
AT;3521;Obermeisling;DE
AT;3522;Lichtenau;DE
AT;3524;Grainbrunn;DE
AT;3525;Sallingberg;DE
AT;3531;Niedernondorf;DE
AT;3532;Rastenfeld;DE
AT;3533;Friedersbach;DE
AT;3541;Senftenberg;DE
AT;3542;Gföhl;DE
AT;3543;Krumau am Kamp;DE
AT;3544;Idolsberg;DE
AT;3550;Langenlois;DE
AT;3552;Lengenfeld;DE
AT;3553;Schiltern;DE
AT;3561;Zöbing;DE
AT;3562;Schönberg;DE
AT;3564;Plank am Kamp;DE
AT;3571;Gars am Kamp;DE
AT;3572;St. Leonhard am Hornerwald;DE
AT;3573;Rosenburg;DE
AT;3580;Horn;DE
AT;3591;Altenburg;DE
AT;3592;Röhrenbach;DE
AT;3593;Neupölla;DE
AT;3594;Franzen;DE
AT;3595;Brunn an der Wild;DE
AT;3601;Dürnstein;DE
AT;3602;Rossatz;DE
AT;3610;Weißenkirchen in der Wachau;DE
AT;3611;Großheinrichschlag;DE
AT;3613;Albrechtsberg an der Großen Krems;DE
AT;3620;Spitz;DE
AT;3621;Mitterarnsdorf;DE
AT;3622;Mühldorf;DE
AT;3623;Kottes;DE
AT;3631;Ottenschlag;DE
AT;3632;Bad Traunstein;DE
AT;3633;Schönbach;DE
AT;3641;Aggsbach Markt;DE
AT;3642;Aggsbach Dorf;DE
AT;3643;Maria Laach am Jauerling;DE
AT;3644;Emmersdorf an der Donau;DE
AT;3650;Pöggstall;DE
AT;3652;Leiben;DE
AT;3653;Weiten;DE
AT;3654;Raxendorf;DE
AT;3660;Klein-Pöchlarn;DE
AT;3661;Artstetten;DE
AT;3662;Münichreith;DE
AT;3663;Laimbach am Ostrong;DE
AT;3664;Martinsberg;DE
AT;3665;Gutenbrunn;DE
AT;3671;Marbach an der Donau;DE
AT;3672;Maria Taferl;DE
AT;3680;Persenbeug;DE
AT;3681;Hofamt Priel;DE
AT;3683;Yspertal;DE
AT;3684;St. Oswald;DE
AT;3691;Nöchling;DE
AT;3701;Großweikersdorf;DE
AT;3702;Niederrußbach;DE
AT;3704;Glaubendorf;DE
AT;3710;Ziersdorf;DE
AT;3711;Großmeiseldorf;DE
AT;3712;Maissau;DE
AT;3713;Harmannsdorf;DE
AT;3714;Sitzendorf an der Schmida;DE
AT;3720;Ravelsbach;DE
AT;3721;Limberg;DE
AT;3722;Straning;DE
AT;3730;Eggenburg;DE
AT;3741;Pulkau;DE
AT;3742;Theras;DE
AT;3743;Röschitz;DE
AT;3744;Stockern;DE
AT;3751;Sigmundsherberg;DE
AT;3752;Walkenstein;DE
AT;3753;Hötzelsdorf;DE
AT;3754;Irnfritz;DE
AT;3761;Messern;DE
AT;3762;Ludweis;DE
AT;3763;Japons;DE
AT;3800;Göpfritz an der Wild;DE
AT;3804;Allentsteig;DE
AT;3811;Kirchberg an der Wild;DE
AT;3812;Groß Siegharts;DE
AT;3813;Dietmanns;DE
AT;3814;Aigen;DE
AT;3820;Raabs an der Thaya;DE
AT;3822;Karlstein an der Thaya;DE
AT;3823;Weikertschlag an der Thaya;DE
AT;3824;Großau;DE
AT;3830;Waidhofen an der Thaya;DE
AT;3834;Pfaffenschlag bei Waidhofen an der Thaya;DE
AT;3841;Windigsteig;DE
AT;3842;Thaya;DE
AT;3843;Dobersberg;DE
AT;3844;Waldkirchen an der Thaya;DE
AT;3851;Kautzen;DE
AT;3852;Gastern;DE
AT;3860;Heidenreichstein;DE
AT;3861;Eggern;DE
AT;3862;Eisgarn;DE
AT;3863;Reingers;DE
AT;3871;Nagelberg;DE
AT;3872;Langegg;DE
AT;3873;Brand;DE
AT;3874;Litschau;DE
AT;3900;Schwarzenau;DE
AT;3902;Vitis;DE
AT;3903;Echsenbach;DE
AT;3910;Zwettl;DE
AT;3911;Rappottenstein;DE
AT;3912;Grafenschlag;DE
AT;3913;Großgöttfritz;DE
AT;3914;Waldhausen;DE
AT;3920;Groß Gerungs;DE
AT;3921;Langschlag;DE
AT;3922;Großschönau;DE
AT;3923;Jagenbach;DE
AT;3924;Rosenau Schloß;DE
AT;3925;Arbesbach;DE
AT;3931;Schweiggers;DE
AT;3932;Kirchberg am Walde;DE
AT;3942;Hirschbach;DE
AT;3943;Schrems;DE
AT;3944;Pürbach;DE
AT;3945;Hoheneich;DE
AT;3950;Gmünd;DE
AT;3961;Waldenstein;DE
AT;3962;Heinrichs bei Weitra;DE
AT;3970;Weitra;DE
AT;3971;St. Martin;DE
AT;3972;Bad Großpertholz;DE
AT;3973;Karlstift;DE
AT;4000;Allhaming;DE
AT;4010;Linz, Donau;DE
AT;4013;Linz, Donau;DE
AT;4014;Linz, Donau;DE
AT;4016;Linz, Donau;DE
AT;4018;Linz, Donau;DE
AT;4020;Linz;DE
AT;4021;Linz, Donau Postfach;DE
AT;4023;Linz, Donau;DE
AT;4024;Linz, Donau;DE
AT;4025;Linz, Donau;DE
AT;4026;Linz, Donau;DE
AT;4027;Linz;DE
AT;4030;Linz;DE
AT;4031;Linz, Donau Postfach;DE
AT;4032;Linz;DE
AT;4033;Linz-Ebelsberg;DE
AT;4036;Linz;DE
AT;4037;Linz;DE
AT;4040;Linz;DE
AT;4041;Linz, Donau Postfach;DE
AT;4046;Linz, Donau;DE
AT;4048;Puchenau;DE
AT;4050;Traun;DE
AT;4052;Ansfelden;DE
AT;4053;Haid;DE
AT;4055;Pucking;DE
AT;4056;Sankt Martin;DE
AT;4059;Leonding;DE
AT;4060;Leonding;DE
AT;4061;Pasching;DE
AT;4062;Thening;DE
AT;4063;Hörsching;DE
AT;4064;Oftering;DE
AT;4066;Pasching;DE
AT;4069;Leonding;DE
AT;4070;Eferding;DE
AT;4072;Alkoven;DE
AT;4073;Wilhering;DE
AT;4074;Stroheim;DE
AT;4075;Breitenaich;DE
AT;4076;St. Marienkirchen an der Polsenz;DE
AT;4077;Straßham;DE
AT;4078;Fraham;DE
AT;4081;Hartkirchen;DE
AT;4082;Aschach an der Donau;DE
AT;4083;Haibach ob der Donau;DE
AT;4084;St. Agatha;DE
AT;4085;Wesenufer;DE
AT;4090;Engelhartszell;DE
AT;4091;Vichtenstein;DE
AT;4092;Esternberg;DE
AT;4100;Ottensheim;DE
AT;4101;Feldkirchen an der Donau;DE
AT;4102;Goldwörth;DE
AT;4111;Walding;DE
AT;4112;Rottenegg;DE
AT;4113;St. Martin im Mühlkreis;DE
AT;4114;Neuhaus an der Donau;DE
AT;4115;Kleinzell im Mühlkreis;DE
AT;4116;St. Ulrich im Mühlkreis;DE
AT;4120;Neufelden;DE
AT;4121;Altenfelden;DE
AT;4122;Arnreit;DE
AT;4131;Kirchberg ob der Donau;DE
AT;4132;Lembach im Mühlkreis;DE
AT;4133;Niederkappel;DE
AT;4134;Putzleinsdorf;DE
AT;4141;Pfarrkirchen im Mühlkreis;DE
AT;4142;Hofkirchen im Mühlkreis;DE
AT;4143;Neustift im Mühlkreis;DE
AT;4144;Oberkappel;DE
AT;4150;Rohrbach in Oberösterreich;DE
AT;4151;Oepping;DE
AT;4152;Sarleinsbach;DE
AT;4153;Peilstein im Mühlviertel;DE
AT;4154;Kollerschlag;DE
AT;4155;Nebelberg;DE
AT;4160;Aigen-Schlägl;DE
AT;4161;Ulrichsberg;DE
AT;4162;Julbach;DE
AT;4163;Klaffer am Hochficht;DE
AT;4164;Schwarzenberg am Böhmerwald;DE
AT;4170;Haslach an der Mühl;DE
AT;4171;St. Peter am Wimberg;DE
AT;4172;St. Johann am Wimberg;DE
AT;4173;St. Veit im Mühlkreis;DE
AT;4174;Niederwaldkirchen;DE
AT;4175;Herzogsdorf;DE
AT;4180;Zwettl an der Rodl;DE
AT;4181;Oberneukirchen;DE
AT;4182;Waxenberg;DE
AT;4183;Traberg;DE
AT;4184;Helfenberg;DE
AT;4190;Bad Leonfelden;DE
AT;4191;Vorderweißenbach;DE
AT;4192;Schenkenfelden;DE
AT;4193;Reichenthal;DE
AT;4201;Gramastetten;DE
AT;4202;Hellmonsödt;DE
AT;4203;Altenberg bei Linz;DE
AT;4204;Reichenau im Mühlkreis;DE
AT;4205;Kirchschlag bei Linz;DE
AT;4209;Engerwitzdorf;DE
AT;4210;Gallneukirchen;DE
AT;4211;Alberndorf in der Riedmark;DE
AT;4212;Neumarkt im Mühlkreis;DE
AT;4213;Unterweitersdorf;DE
AT;4221;Steyregg;DE
AT;4222;St. Georgen an der Gusen;DE
AT;4223;Katsdorf;DE
AT;4224;Wartberg ob der Aist;DE
AT;4225;Luftenberg;DE
AT;4226;Langenstein;DE
AT;4230;Pregarten;DE
AT;4231;Untergaisbach;DE
AT;4232;Hagenberg im Mühlkreis;DE
AT;4240;Freistadt;DE
AT;4242;Hirschbach im Mühlkreis;DE
AT;4251;Sandl;DE
AT;4252;Liebenau;DE
AT;4261;Rainbach im Mühlkreis;DE
AT;4262;Leopoldschlag;DE
AT;4263;Windhaag bei Freistadt;DE
AT;4264;Grünbach;DE
AT;4271;St. Oswald bei Freistadt;DE
AT;4272;Weitersfelden;DE
AT;4273;Unterweißenbach;DE
AT;4274;Schönau im Mühlkreis;DE
AT;4280;Königswiesen;DE
AT;4281;Mönchdorf;DE
AT;4282;Pierbach;DE
AT;4283;Bad Zell;DE
AT;4284;Tragwein;DE
AT;4291;Lasberg;DE
AT;4292;Kefermarkt;DE
AT;4293;Gutau;DE
AT;4294;St. Leonhard bei Freistadt;DE
AT;4300;St. Valentin;DE
AT;4303;St. Pantaleon;DE
AT;4310;Mauthausen;DE
AT;4311;Schwertberg;DE
AT;4312;Ried in der Riedmark;DE
AT;4320;Perg;DE
AT;4322;Windhaag bei Perg;DE
AT;4323;Münzbach;DE
AT;4324;Rechberg;DE
AT;4331;Naarn;DE
AT;4332;Au an der Donau;DE
AT;4341;Arbing;DE
AT;4342;Baumgartenberg;DE
AT;4343;Mitterkirchen;DE
AT;4351;Saxen;DE
AT;4352;Klam;DE
AT;4360;Grein;DE
AT;4362;Bad Kreuzen;DE
AT;4363;Pabneukirchen;DE
AT;4364;St. Thomas;DE
AT;4371;Dimbach;DE
AT;4372;St. Georgen am Walde;DE
AT;4381;St. Nikola an der Donau;DE
AT;4382;Sarmingstein;DE
AT;4391;Waldhausen im Strudengau;DE
AT;4392;Dorfstetten;DE
AT;4400;Steyr;DE
AT;4401;Steyr Postfach;DE
AT;4402;Steyr;DE
AT;4403;Steyr;DE
AT;4404;Steyr;DE
AT;4405;Steyr-Münichholz;DE
AT;4406;Steyr;DE
AT;4407;Steyr-Gleink;DE
AT;4410;Steyr;DE
AT;4421;Aschach an der Steyr;DE
AT;4431;Haidershofen;DE
AT;4432;Ernsthofen;DE
AT;4441;Behamberg;DE
AT;4442;Kleinraming;DE
AT;4443;Maria Neustift;DE
AT;4451;Garsten;DE
AT;4452;Ternberg;DE
AT;4453;Trattenbach;DE
AT;4460;Losenstein;DE
AT;4461;Laussa;DE
AT;4462;Reichraming;DE
AT;4463;Großraming;DE
AT;4464;Kleinreifling;DE
AT;4470;Enns;DE
AT;4481;Asten;DE
AT;4482;Ennsdorf;DE
AT;4483;Hargelsberg;DE
AT;4484;Kronstorf;DE
AT;4490;St. Florian;DE
AT;4491;Niederneukirchen;DE
AT;4492;Hofkirchen im Traunkreis;DE
AT;4493;Wolfern;DE
AT;4501;Neuhofen an der Krems;DE
AT;4502;St. Marien;DE
AT;4511;Allhaming;DE
AT;4521;Schiedlberg;DE
AT;4522;Sierning;DE
AT;4523;Neuzeug;DE
AT;4531;Kematen an der Krems;DE
AT;4532;Rohr im Kremstal;DE
AT;4533;Piberbach;DE
AT;4540;Bad Hall;DE
AT;4541;Adlwang;DE
AT;4542;Nußbach;DE
AT;4550;Kremsmünster;DE
AT;4551;Ried im Traunkreis;DE
AT;4552;Wartberg an der Krems;DE
AT;4553;Schlierbach;DE
AT;4554;Oberschlierbach;DE
AT;4560;Kirchdorf an der Krems;DE
AT;4562;Steinbach am Ziehberg;DE
AT;4563;Micheldorf;DE
AT;4564;Klaus an der Pyhrnbahn;DE
AT;4565;Inzersdorf im Kremstal;DE
AT;4571;Steyrling;DE
AT;4572;St. Pankraz;DE
AT;4573;Hinterstoder;DE
AT;4574;Vorderstoder;DE
AT;4575;Roßleithen;DE
AT;4580;Windischgarsten;DE
AT;4581;Rosenau am Hengstpaß;DE
AT;4582;Spital am Pyhrn;DE
AT;4591;Molln;DE
AT;4592;Leonstein;DE
AT;4593;Obergrünburg;DE
AT;4594;Grünburg;DE
AT;4595;Waldneukirchen;DE
AT;4596;Steinbach an der Steyr;DE
AT;4600;Wels;DE
AT;4601;Wels;DE
AT;4602;Wels Postfach;DE
AT;4603;Wels;DE
AT;4604;Wels;DE
AT;4605;Wels;DE
AT;4606;Wels;DE
AT;4609;Thalheim bei Wels;DE
AT;4610;Wels;DE
AT;4611;Buchkirchen;DE
AT;4612;Scharten;DE
AT;4613;Mistelbach bei Wels;DE
AT;4614;Marchtrenk;DE
AT;4615;Holzhausen;DE
AT;4616;Weißkirchen;DE
AT;4617;Marchtrenk;DE
AT;4618;Höllwiesen;DE
AT;4619;Wels;DE
AT;4621;Sipbachzell;DE
AT;4622;Eggendorf im Traunkreis;DE
AT;4623;Gunskirchen;DE
AT;4624;Pennewang;DE
AT;4625;Offenhausen;DE
AT;4631;Krenglbach;DE
AT;4632;Pichl bei Wels;DE
AT;4633;Kematen am Innbach;DE
AT;4641;Steinhaus;DE
AT;4642;Sattledt;DE
AT;4643;Pettenbach;DE
AT;4644;Scharnstein;DE
AT;4645;Grünau im Almtal;DE
AT;4650;Lambach;DE
AT;4651;Stadl-Paura;DE
AT;4652;Steinerkirchen an der Traun;DE
AT;4653;Eberstalzell;DE
AT;4654;Bad Wimsbach-Neydharting;DE
AT;4655;Vorchdorf;DE
AT;4656;Kirchham;DE
AT;4657;Fischlham;DE
AT;4659;Edt bei Lambach;DE
AT;4661;Roitham;DE
AT;4662;Steyrermühl;DE
AT;4663;Laakirchen;DE
AT;4664;Oberweis;DE
AT;4671;Neukirchen bei Lambach;DE
AT;4672;Bachmanning;DE
AT;4673;Gaspoltshofen;DE
AT;4674;Altenhof am Hausruck;DE
AT;4675;Weibern;DE
AT;4676;Aistersheim;DE
AT;4680;Haag am Hausruck;DE
AT;4681;Rottenbach;DE
AT;4682;Geboltskirchen;DE
AT;4690;Schwanenstadt;DE
AT;4691;Breitenschützing;DE
AT;4692;Niederthalheim;DE
AT;4693;Desselbrunn;DE
AT;4694;Ohlsdorf;DE
AT;4701;Bad Schallerbach;DE
AT;4702;Wallern an der Trattnach;DE
AT;4707;Schlüßlberg;DE
AT;4710;Grieskirchen;DE
AT;4712;Michaelnbach;DE
AT;4713;Gallspach;DE
AT;4714;Meggenhofen;DE
AT;4715;Taufkirchen an der Trattnach;DE
AT;4716;Hofkirchen an der Trattnach;DE
AT;4720;Neumarkt im Hausruckkreis;DE
AT;4721;Altschwendt;DE
AT;4722;Peuerbach;DE
AT;4723;Natternbach;DE
AT;4724;Neukirchen am Walde;DE
AT;4725;St. Aegidi;DE
AT;4730;Waizenkirchen;DE
AT;4731;Prambachkirchen;DE
AT;4732;St. Thomas;DE
AT;4733;Heiligenberg;DE
AT;4741;Wendling;DE
AT;4742;Pram;DE
AT;4743;Peterskirchen;DE
AT;4751;Dorf;DE
AT;4752;Riedau;DE
AT;4753;Taiskirchen im Innkreis;DE
AT;4754;Andrichsfurt;DE
AT;4755;Zell an der Pram;DE
AT;4760;Raab;DE
AT;4761;Enzenkirchen;DE
AT;4762;St. Willibald;DE
AT;4770;Andorf;DE
AT;4771;Sigharting;DE
AT;4772;Lambrechten;DE
AT;4773;Eggerding;DE
AT;4774;St. Marienkirchen bei Schärding;DE
AT;4775;Taufkirchen an der Pram;DE
AT;4776;Diersbach;DE
AT;4777;Mayrhof;DE
AT;4780;Schärding;DE
AT;4782;St. Florian am Inn;DE
AT;4783;Wernstein am Inn;DE
AT;4784;Schardenberg;DE
AT;4785;Freinberg;DE
AT;4786;Brunnenthal;DE
AT;4791;Rainbach im Innkreis;DE
AT;4792;Münzkirchen;DE
AT;4793;St. Roman;DE
AT;4794;Kopfing im Innkreis;DE
AT;4800;Attnang-Puchheim;DE
AT;4801;Traunkirchen;DE
AT;4802;Ebensee;DE
AT;4810;Gmunden;DE
AT;4811;Altmünster;DE
AT;4812;Pinsdorf;DE
AT;4813;Altmünster;DE
AT;4814;Neukirchen;DE
AT;4816;Gschwandt;DE
AT;4817;St. Konrad;DE
AT;4820;Bad Ischl;DE
AT;4821;Lauffen;DE
AT;4822;Bad Goisern am Hallstättersee;DE
AT;4823;Steeg;DE
AT;4824;Gosau;DE
AT;4825;Gosau-Hintertal;DE
AT;4829;Bad Ischl;DE
AT;4830;Hallstatt;DE
AT;4831;Obertraun;DE
AT;4839;Vöcklabruck;DE
AT;4840;Vöcklabruck;DE
AT;4841;Ungenach;DE
AT;4842;Zell am Pettenfirst;DE
AT;4843;Ampflwang;DE
AT;4844;Regau;DE
AT;4845;Rutzenmoos;DE
AT;4846;Redlham;DE
AT;4847;Vöcklabruck;DE
AT;4849;Puchkirchen am Trattberg;DE
AT;4850;Timelkam;DE
AT;4851;Gampern;DE
AT;4852;Weyregg am Attersee;DE
AT;4853;Steinbach am Attersee;DE
AT;4854;Weißenbach;DE
AT;4860;Lenzing;DE
AT;4861;Schörfling;DE
AT;4863;Seewalchen am Attersee;DE
AT;4864;Attersee;DE
AT;4865;Nußdorf am Attersee;DE
AT;4866;Unterach;DE
AT;4870;Vöcklamarkt;DE
AT;4871;Zipf;DE
AT;4872;Neukirchen an der Vöckla;DE
AT;4873;Frankenburg am Hausruck;DE
AT;4874;Pramet;DE
AT;4875;Redleiten;DE
AT;4880;St. Georgen im Attergau;DE
AT;4881;Straß im Attergau;DE
AT;4882;Oberwang;DE
AT;4890;Frankenmarkt;DE
AT;4891;Pöndorf;DE
AT;4892;Fornach;DE
AT;4893;Zell am Moos;DE
AT;4894;Oberhofen am Irrsee;DE
AT;4901;Ottnang;DE
AT;4902;Wolfsegg am Hausruck;DE
AT;4903;Manning;DE
AT;4904;Atzbach;DE
AT;4905;Thomasroith;DE
AT;4906;Eberschwang;DE
AT;4910;Ried im Innkreis;DE
AT;4911;Tumeltsham;DE
AT;4912;Neuhofen im Innkreis;DE
AT;4920;Schildorn;DE
AT;4921;Hohenzell;DE
AT;4922;Geiersberg;DE
AT;4923;Lohnsburg;DE
AT;4924;Waldzell;DE
AT;4925;Pramet;DE
AT;4926;St. Marienkirchen am Hausruck;DE
AT;4931;Mettmach;DE
AT;4932;Kirchheim im Innkreis;DE
AT;4933;Wildenau;DE
AT;4941;Mehrnbach;DE
AT;4942;Gurten;DE
AT;4943;Geinberg;DE
AT;4950;Altheim;DE
AT;4951;Polling im Innkreis;DE
AT;4952;Weng im Innkreis;DE
AT;4961;Mühlheim am Inn;DE
AT;4962;Mining;DE
AT;4963;St. Peter am Hart;DE
AT;4970;Eitzing;DE
AT;4971;Aurolzmünster;DE
AT;4972;Utzenaich;DE
AT;4973;St. Martin;DE
AT;4974;Ort im Innkreis;DE
AT;4975;Suben;DE
AT;4980;Antiesenhofen;DE
AT;4981;Reichersberg;DE
AT;4982;Obernberg am Inn;DE
AT;4983;St. Georgen bei Obernberg am Inn;DE
AT;4984;Weilbach;DE
AT;4985;Katzenberg;DE
AT;5000;Wals bei Salzburg;DE
AT;5010;Salzburg;DE
AT;5012;Salzburg;DE
AT;5013;Salzburg-Liefering;DE
AT;5014;Salzburg;DE
AT;5015;Salzburg;DE
AT;5016;Salzburg;DE
AT;5017;Salzburg;DE
AT;5018;Salzburg-Europark;DE
AT;5020;Salzburg;DE
AT;5021;Salzburg Postfach;DE
AT;5022;Salzburg;DE
AT;5023;Salzburg-Gnigl;DE
AT;5024;Salzburg;DE
AT;5025;Salzburg-Parsch;DE
AT;5026;Salzburg-Aigen;DE
AT;5027;Salzburg;DE
AT;5028;Salzburg-Kasern;DE
AT;5032;Salzburg;DE
AT;5033;Salzburg;DE
AT;5061;Elsbethen-Glasenbach;DE
AT;5071;Wals;DE
AT;5072;Siezenheim;DE
AT;5081;Anif;DE
AT;5082;Grödig;DE
AT;5083;Gartenau-St. Leonhard;DE
AT;5084;Großgmain;DE
AT;5089;Niederalm;DE
AT;5090;Lofer;DE
AT;5091;Unken;DE
AT;5092;St. Martin bei Lofer;DE
AT;5093;Weißbach bei Lofer;DE
AT;5101;Bergheim;DE
AT;5102;Anthering;DE
AT;5110;Oberndorf bei Salzburg;DE
AT;5111;Bürmoos;DE
AT;5112;Lamprechtshausen;DE
AT;5113;St. Georgen bei Salzburg;DE
AT;5114;Göming;DE
AT;5120;St. Pantaleon;DE
AT;5121;Ostermiething;DE
AT;5122;Ach;DE
AT;5131;Franking;DE
AT;5132;Geretsberg;DE
AT;5133;Gilgenberg am Weilhart;DE
AT;5134;Schwand im Innkreis;DE
AT;5141;Moosdorf;DE
AT;5142;Eggelsberg;DE
AT;5143;Feldkirchen bei Mattighofen;DE
AT;5144;Handenberg;DE
AT;5145;Neukirchen an der Enknach;DE
AT;5151;Nußdorf am Haunsberg;DE
AT;5152;Michaelbeuern;DE
AT;5161;Elixhausen;DE
AT;5162;Obertrum am See;DE
AT;5163;Mattsee;DE
AT;5164;Seeham;DE
AT;5165;Berndorf bei Salzburg;DE
AT;5166;Perwang am Grabensee;DE
AT;5167;Palting;DE
AT;5201;Seekirchen;DE
AT;5202;Neumarkt am Wallersee;DE
AT;5203;Köstendorf;DE
AT;5204;Straßwalchen;DE
AT;5205;Schleedorf;DE
AT;5211;Friedburg;DE
AT;5212;Schneegattern;DE
AT;5221;Lochen am See;DE
AT;5222;Munderfing;DE
AT;5223;Pfaffstätt;DE
AT;5224;Auerbach;DE
AT;5225;Jeging;DE
AT;5230;Mattighofen;DE
AT;5231;Schalchen;DE
AT;5232;Kirchberg bei Mattighofen;DE
AT;5233;Pischelsdorf am Engelbach;DE
AT;5241;Maria Schmolln;DE
AT;5242;St. Johann am Walde;DE
AT;5251;Höhnhart;DE
AT;5252;Aspach;DE
AT;5261;Uttendorf;DE
AT;5270;Mauerkirchen;DE
AT;5271;Moosbach;DE
AT;5272;Treubach;DE
AT;5273;Roßbach;DE
AT;5274;Burgkirchen;DE
AT;5280;Braunau am Inn;DE
AT;5282;Braunau;DE
AT;5283;Braunau am Inn;DE
AT;5300;Hallwang;DE
AT;5301;Eugendorf;DE
AT;5302;Henndorf am Wallersee;DE
AT;5303;Thalgau;DE
AT;5310;Mondsee;DE
AT;5311;Loibichl;DE
AT;5321;Koppl;DE
AT;5322;Hof bei Salzburg;DE
AT;5323;Ebenau;DE
AT;5324;Faistenau;DE
AT;5325;Plainfeld;DE
AT;5330;Fuschl am See;DE
AT;5340;St. Gilgen;DE
AT;5342;Abersee;DE
AT;5350;Strobl;DE
AT;5351;Aigen-Voglhub;DE
AT;5360;St. Wolfgang im Salzkammergut;DE
AT;5400;Hallein;DE
AT;5403;Taxach;DE
AT;5411;Oberalm;DE
AT;5412;Puch bei Hallein;DE
AT;5421;Adnet;DE
AT;5422;Heilbad Dürrnberg;DE
AT;5423;St. Koloman;DE
AT;5424;Bad Vigaun;DE
AT;5425;Krispl;DE
AT;5431;Kuchl;DE
AT;5440;Golling an der Salzach;DE
AT;5441;Abtenau;DE
AT;5442;Rußbach am Paß Gschütt;DE
AT;5450;Werfen;DE
AT;5451;Tenneck;DE
AT;5452;Pfarrwerfen;DE
AT;5453;Werfenweng;DE
AT;5500;Bischofshofen;DE
AT;5505;Mühlbach am Hochkönig;DE
AT;5511;Hüttau;DE
AT;5521;Niedernfritz;DE
AT;5522;St. Martin am Tennengebirge;DE
AT;5523;Lungötz;DE
AT;5524;Annaberg;DE
AT;5531;Eben im Pongau;DE
AT;5532;Filzmoos;DE
AT;5541;Altenmarkt im Pongau;DE
AT;5542;Flachau;DE
AT;5550;Radstadt;DE
AT;5552;Forstau;DE
AT;5561;Untertauern;DE
AT;5562;Obertauern;DE
AT;5563;Tweng;DE
AT;5570;Mauterndorf;DE
AT;5571;Mariapfarr;DE
AT;5572;St. Andrä im Lungau;DE
AT;5573;Weißpriach;DE
AT;5574;Göriach;DE
AT;5575;Lessach;DE
AT;5580;Tamsweg;DE
AT;5581;St. Margarethen im Lungau;DE
AT;5582;St. Michael im Lungau;DE
AT;5583;Muhr;DE
AT;5584;Zederhaus;DE
AT;5585;Unternberg;DE
AT;5591;Ramingstein;DE
AT;5592;Thomatal;DE
AT;5600;St. Johann im Pongau;DE
AT;5602;Wagrain;DE
AT;5603;Kleinarl;DE
AT;5611;Großarl;DE
AT;5612;Hüttschlag;DE
AT;5620;Schwarzach im Pongau;DE
AT;5621;St. Veit im Pongau;DE
AT;5622;Goldegg;DE
AT;5623;Schwarzach im Pongau;DE
AT;5630;Bad Hofgastein;DE
AT;5632;Dorfgastein;DE
AT;5640;Bad Gastein;DE
AT;5645;Böckstein;DE
AT;5651;Lend;DE
AT;5652;Dienten am Hochkönig;DE
AT;5660;Taxenbach;DE
AT;5661;Rauris;DE
AT;5662;Gries;DE
AT;5671;Bruck an der Großglocknerstraße;DE
AT;5672;Fusch an der Glocknerstraße;DE
AT;5700;Zell am See;DE
AT;5702;Zell am See-Schüttdorf;DE
AT;5710;Kaprun;DE
AT;5721;Piesendorf;DE
AT;5722;Niedernsill;DE
AT;5723;Uttendorf;DE
AT;5724;Stuhlfelden;DE
AT;5730;Mittersill;DE
AT;5731;Hollersbach im Pinzgau;DE
AT;5732;Mühlbach;DE
AT;5733;Bramberg am Wildkogel;DE
AT;5741;Neukirchen am Großvenediger;DE
AT;5742;Wald im Pinzgau;DE
AT;5743;Krimml;DE
AT;5751;Maishofen;DE
AT;5752;Viehhofen;DE
AT;5753;Saalbach;DE
AT;5754;Hinterglemm;DE
AT;5760;Saalfelden am Steinernen Meer;DE
AT;5761;Maria Alm am Steinernen Meer;DE
AT;5762;Saalfelden am Steinernen Meer;DE
AT;5771;Leogang;DE
AT;6000;Hall in Tirol;DE
AT;6010;Innsbruck;DE
AT;6013;Innsbruck;DE
AT;6018;Innsbruck;DE
AT;6019;Innsbruck;DE
AT;6020;Innsbruck;DE
AT;6021;Innsbruck Postfach;DE
AT;6022;Innsbruck;DE
AT;6023;Innsbruck;DE
AT;6027;Innsbruck;DE
AT;6028;Innsbruck Technologiezentrum;DE
AT;6029;Innsbruck;DE
AT;6031;Innsbruck;DE
AT;6032;Innsbruck;DE
AT;6033;Innsbruck-Arzl;DE
AT;6034;Innsbruck;DE
AT;6035;Innsbruck;DE
AT;6036;Innsbruck;DE
AT;6040;Innsbruck-Neuarzl;DE
AT;6050;Hall in Tirol;DE
AT;6060;Hall in Tirol;DE
AT;6063;Rum;DE
AT;6064;Rum;DE
AT;6065;Thaur;DE
AT;6067;Absam;DE
AT;6068;Mils;DE
AT;6069;Gnadenwald;DE
AT;6070;Ampass;DE
AT;6071;Aldrans;DE
AT;6072;Lans;DE
AT;6073;Sistrans;DE
AT;6074;Rinn;DE
AT;6075;Tulfes;DE
AT;6080;Innsbruck-Igls;DE
AT;6082;Patsch;DE
AT;6083;Ellbögen;DE
AT;6091;Götzens;DE
AT;6092;Birgitz;DE
AT;6094;Axams;DE
AT;6095;Grinzens;DE
AT;6100;Seefeld in Tirol;DE
AT;6103;Reith bei Seefeld;DE
AT;6105;Leutasch;DE
AT;6108;Scharnitz;DE
AT;6111;Volders;DE
AT;6112;Wattens;DE
AT;6113;Wattenberg;DE
AT;6114;Kolsass;DE
AT;6115;Kolsassberg;DE
AT;6116;Weer;DE
AT;6121;Baumkirchen;DE
AT;6122;Fritzens;DE
AT;6123;Terfens;DE
AT;6130;Schwaz;DE
AT;6131;Schwaz;DE
AT;6133;Weerberg;DE
AT;6134;Vomp;DE
AT;6135;Stans;DE
AT;6136;Pill;DE
AT;6141;Schönberg im Stubaital;DE
AT;6142;Mieders;DE
AT;6143;Matrei am Brenner;DE
AT;6145;Navis;DE
AT;6150;Steinach am Brenner;DE
AT;6152;Trins;DE
AT;6154;St. Jodok am Brenner;DE
AT;6156;Gries am Brenner;DE
AT;6157;Obernberg am Brenner;DE
AT;6161;Natters;DE
AT;6162;Mutters;DE
AT;6165;Telfes im Stubai;DE
AT;6166;Fulpmes;DE
AT;6167;Neustift im Stubaital;DE
AT;6170;Zirl;DE
AT;6173;Oberperfuss;DE
AT;6175;Kematen in Tirol;DE
AT;6176;Völs;DE
AT;6177;Völs;DE
AT;6178;Unterperfuss;DE
AT;6179;Ranggen;DE
AT;6181;Sellrain;DE
AT;6182;Gries im Sellrain;DE
AT;6183;Kühtai;DE
AT;6184;St. Sigmund;DE
AT;6200;Jenbach;DE
AT;6202;Buch bei Jenbach;DE
AT;6210;Wiesing;DE
AT;6212;Maurach;DE
AT;6213;Pertisau;DE
AT;6215;Achenkirch;DE
AT;6220;Buch in Tirol;DE
AT;6222;Gallzein;DE
AT;6230;Brixlegg;DE
AT;6232;Münster;DE
AT;6233;Kramsach;DE
AT;6234;Brandenberg;DE
AT;6235;Reith im Alpbachtal;DE
AT;6236;Alpbach;DE
AT;6240;Rattenberg;DE
AT;6241;Radfeld;DE
AT;6250;Kundl;DE
AT;6252;Breitenbach am Inn;DE
AT;6260;Bruck am Ziller;DE
AT;6261;Strass im Zillertal;DE
AT;6262;Schlitters;DE
AT;6263;Fügen;DE
AT;6264;Fügenberg;DE
AT;6265;Hart im Zillertal;DE
AT;6271;Uderns;DE
AT;6272;Kaltenbach;DE
AT;6273;Ried im Zillertal;DE
AT;6274;Aschau;DE
AT;6275;Stumm;DE
AT;6276;Stummerberg;DE
AT;6277;Zellberg;DE
AT;6278;Hainzenberg;DE
AT;6280;Zell am Ziller;DE
AT;6281;Gerlos;DE
AT;6283;Hippach;DE
AT;6284;Ramsau im Zillertal;DE
AT;6290;Mayrhofen;DE
AT;6292;Finkenberg;DE
AT;6293;Tux;DE
AT;6294;Hintertux;DE
AT;6295;Ginzling;DE
AT;6300;Wörgl;DE
AT;6305;Itter;DE
AT;6306;Söll;DE
AT;6311;Wildschönau-Oberau;DE
AT;6313;Wildschönau-Auffach;DE
AT;6314;Wildschönau-Niederau;DE
AT;6320;Angerberg;DE
AT;6321;Angath;DE
AT;6322;Kirchbichl;DE
AT;6323;Bad Häring;DE
AT;6324;Mariastein;DE
AT;6330;Kufstein;DE
AT;6331;Kufstein;DE
AT;6332;Kufstein;DE
AT;6333;Kufstein;DE
AT;6334;Schwoich;DE
AT;6335;Thiersee;DE
AT;6336;Langkampfen;DE
AT;6341;Ebbs;DE
AT;6342;Niederndorf;DE
AT;6343;Erl;DE
AT;6344;Walchsee;DE
AT;6345;Kössen;DE
AT;6346;Niederndorferberg;DE
AT;6347;Rettenschöss;DE
AT;6351;Scheffau am Wilden Kaiser;DE
AT;6352;Ellmau;DE
AT;6353;Going am Wilden Kaiser;DE
AT;6361;Hopfgarten;DE
AT;6362;Kelchsau;DE
AT;6363;Westendorf;DE
AT;6364;Brixen im Thale;DE
AT;6365;Kirchberg in Tirol;DE
AT;6370;Kitzbühel;DE
AT;6371;Aurach;DE
AT;6372;Oberndorf in Tirol;DE
AT;6373;Jochberg;DE
AT;6380;St. Johann in Tirol;DE
AT;6382;Kirchdorf in Tirol;DE
AT;6383;Erpfendorf;DE
AT;6384;Waidring;DE
AT;6385;Schwendt;DE
AT;6391;Fieberbrunn;DE
AT;6392;St. Jakob in Haus;DE
AT;6393;St. Ulrich am Pillersee;DE
AT;6395;Hochfilzen;DE
AT;6401;Inzing;DE
AT;6402;Hatting;DE
AT;6403;Flaurling;DE
AT;6404;Polling;DE
AT;6405;Pfaffenhofen;DE
AT;6406;Oberhofen im Inntal;DE
AT;6408;Pettnau;DE
AT;6410;Telfs;DE
AT;6412;Telfs-St. Georgen;DE
AT;6413;Wildermieming;DE
AT;6414;Mieming;DE
AT;6416;Obsteig;DE
AT;6421;Rietz;DE
AT;6422;Stams;DE
AT;6423;Mötz;DE
AT;6424;Silz;DE
AT;6425;Haiming;DE
AT;6426;Roppen;DE
AT;6430;Ötztal Bahnhof;DE
AT;6432;Sautens;DE
AT;6433;Oetz;DE
AT;6441;Umhausen;DE
AT;6444;Längenfeld;DE
AT;6450;Sölden;DE
AT;6452;Hochsölden;DE
AT;6456;Obergurgl;DE
AT;6458;Vent;DE
AT;6460;Imst;DE
AT;6462;Karres;DE
AT;6463;Karrösten;DE
AT;6464;Tarrenz;DE
AT;6465;Nassereith;DE
AT;6471;Arzl im Pitztal;DE
AT;6473;Wenns;DE
AT;6474;Jerzens;DE
AT;6481;St. Leonhard im Pitztal;DE
AT;6491;Schönwies;DE
AT;6492;Imsterberg;DE
AT;6493;Mils;DE
AT;6500;Landeck;DE
AT;6511;Zams;DE
AT;6521;Fließ;DE
AT;6522;Prutz;DE
AT;6524;Feichten im Kaunertal;DE
AT;6525;Faggen;DE
AT;6526;Kauns;DE
AT;6527;Kaunerberg;DE
AT;6528;Fendels;DE
AT;6531;Ried im Oberinntal;DE
AT;6532;Ladis;DE
AT;6533;Fiss;DE
AT;6534;Serfaus;DE
AT;6541;Tösens;DE
AT;6542;Pfunds;DE
AT;6543;Nauders;DE
AT;6544;Spiss;DE
AT;6551;Pians;DE
AT;6552;Tobadill;DE
AT;6553;See;DE
AT;6555;Kappl;DE
AT;6561;Ischgl;DE
AT;6562;Mathon;DE
AT;6563;Galtür;DE
AT;6571;Strengen;DE
AT;6572;Flirsch;DE
AT;6574;Pettneu am Arlberg;DE
AT;6580;St. Anton am Arlberg;DE
AT;6591;Grins;DE
AT;6600;Reutte;DE
AT;6604;Höfen;DE
AT;6610;Wängle;DE
AT;6611;Heiterwang;DE
AT;6621;Bichlbach;DE
AT;6622;Berwang;DE
AT;6623;Namlos;DE
AT;6631;Lermoos;DE
AT;6632;Ehrwald;DE
AT;6633;Biberwier;DE
AT;6642;Stanzach;DE
AT;6644;Elmen;DE
AT;6645;Vorderhornbach;DE
AT;6646;Hinterhornbach;DE
AT;6647;Pfafflar;DE
AT;6650;Gramais;DE
AT;6651;Häselgehr;DE
AT;6652;Elbigenalp;DE
AT;6653;Bach;DE
AT;6654;Holzgau;DE
AT;6655;Steeg;DE
AT;6670;Forchach;DE
AT;6671;Weißenbach am Lech;DE
AT;6672;Nesselwängle;DE
AT;6673;Grän;DE
AT;6675;Tannheim;DE
AT;6677;Schattwald;DE
AT;6682;Vils;DE
AT;6691;Jungholz;DE
AT;6700;Bludenz;DE
AT;6701;Bludenz Postfach;DE
AT;6702;Bludenz;DE
AT;6705;Bürs;DE
AT;6706;Bürs;DE
AT;6707;Bürserberg;DE
AT;6708;Brand;DE
AT;6710;Nenzing;DE
AT;6712;Thüringen;DE
AT;6713;Ludesch;DE
AT;6714;Nüziders;DE
AT;6719;Bludesch;DE
AT;6721;Thüringerberg;DE
AT;6722;St. Gerold;DE
AT;6723;Blons;DE
AT;6731;Sonntag;DE
AT;6733;Fontanella;DE
AT;6741;Raggal;DE
AT;6751;Braz;DE
AT;6752;Dalaas;DE
AT;6754;Klösterle;DE
AT;6762;Stuben;DE
AT;6763;Zürs;DE
AT;6764;Lech;DE
AT;6767;Warth;DE
AT;6771;St. Anton im Montafon;DE
AT;6773;Vandans;DE
AT;6774;Tschagguns;DE
AT;6780;Schruns;DE
AT;6781;Bartholomäberg;DE
AT;6782;Silbertal;DE
AT;6787;Gargellen;DE
AT;6791;St. Gallenkirch;DE
AT;6792;Gortipohl;DE
AT;6793;Gaschurn;DE
AT;6794;Partenen;DE
AT;6800;Feldkirch;DE
AT;6801;Feldkirch Postfach;DE
AT;6804;Feldkirch-Altenstadt;DE
AT;6805;Feldkirch-Gisingen;DE
AT;6806;Feldkirch-Tosters;DE
AT;6807;Feldkirch-Tisis;DE
AT;6808;Feldkirch-Nofels;DE
AT;6811;Göfis;DE
AT;6812;Meiningen;DE
AT;6820;Frastanz;DE
AT;6822;Satteins;DE
AT;6824;Schlins;DE
AT;6830;Rankweil;DE
AT;6832;Sulz-Röthis;DE
AT;6833;Klaus-Weiler;DE
AT;6834;Übersaxen;DE
AT;6835;Zwischenwasser;DE
AT;6836;Viktorsberg;DE
AT;6840;Götzis;DE
AT;6841;Mäder;DE
AT;6842;Koblach;DE
AT;6844;Altach;DE
AT;6845;Hohenems;DE
AT;6850;Dornbirn;DE
AT;6851;Dornbirn Postfach;DE
AT;6853;Dornbirn;DE
AT;6854;Dornbirn-Messepark;DE
AT;6855;Dornbirn;DE
AT;6857;Dornbirn-Haselstauden;DE
AT;6858;Schwarzach;DE
AT;6861;Alberschwende;DE
AT;6863;Egg;DE
AT;6866;Andelsbuch;DE
AT;6867;Schwarzenberg;DE
AT;6870;Bezau;DE
AT;6874;Bizau;DE
AT;6881;Mellau;DE
AT;6882;Schnepfau;DE
AT;6883;Au;DE
AT;6884;Damüls;DE
AT;6886;Schoppernau;DE
AT;6888;Schröcken;DE
AT;6890;Lustenau;DE
AT;6893;Lustenau-Rheindorf;DE
AT;6900;Bregenz;DE
AT;6901;Bregenz Postfach;DE
AT;6902;Bregenz;DE
AT;6904;Bregenz-Schendlingen;DE
AT;6905;Bregenz-Achsiedlung;DE
AT;6911;Lochau;DE
AT;6912;Hörbranz;DE
AT;6914;Hohenweiler;DE
AT;6921;Kennelbach;DE
AT;6922;Wolfurt;DE
AT;6923;Lauterach;DE
AT;6932;Langen bei Bregenz;DE
AT;6933;Doren;DE
AT;6934;Sulzberg;DE
AT;6941;Langenegg;DE
AT;6942;Krumbach;DE
AT;6943;Riefensberg;DE
AT;6951;Lingenau;DE
AT;6952;Hittisau;DE
AT;6953;Sibratsgfäll;DE
AT;6960;Wolfurt-Bahnhof;DE
AT;6961;Wolfurt-Bahnhof Postfach;DE
AT;6971;Hard;DE
AT;6972;Fußach;DE
AT;6973;Höchst;DE
AT;6974;Gaißau;DE
AT;6991;Riezlern;DE
AT;6992;Hirschegg;DE
AT;6993;Mittelberg;DE
AT;7000;Eisenstadt;DE
AT;7001;Eisenstadt Postfach;DE
AT;7002;Eisenstadt;DE
AT;7011;Siegendorf;DE
AT;7012;Zagersdorf;DE
AT;7013;Klingenbach;DE
AT;7020;Loipersbach im Burgenland;DE
AT;7021;Draßburg;DE
AT;7022;Schattendorf;DE
AT;7023;Zemendorf;DE
AT;7024;Hirm;DE
AT;7031;Krensdorf;DE
AT;7032;Sigleß;DE
AT;7033;Pöttsching;DE
AT;7034;Zillingtal;DE
AT;7035;Steinbrunn;DE
AT;7041;Wulkaprodersdorf;DE
AT;7042;Antau;DE
AT;7051;Großhöflein;DE
AT;7052;Müllendorf;DE
AT;7053;Hornstein;DE
AT;7061;Trausdorf an der Wulka;DE
AT;7062;St. Margarethen im Burgenland;DE
AT;7063;Oggau;DE
AT;7064;Oslip;DE
AT;7071;Rust;DE
AT;7072;Mörbisch am See;DE
AT;7073;Rust, Burgenland;DE
AT;7081;Schützen am Gebirge;DE
AT;7082;Donnerskirchen;DE
AT;7083;Purbach am Neusiedler See;DE
AT;7091;Breitenbrunn am Neusiedler See;DE
AT;7092;Winden am See;DE
AT;7093;Jois;DE
AT;7100;Neusiedl am See;DE
AT;7111;Parndorf;DE
AT;7121;Weiden am See;DE
AT;7122;Gols;DE
AT;7123;Mönchhof;DE
AT;7131;Halbturn;DE
AT;7132;Frauenkirchen;DE
AT;7141;Podersdorf am See;DE
AT;7142;Illmitz;DE
AT;7143;Apetlon;DE
AT;7151;Wallern im Burgenland;DE
AT;7152;Pamhagen;DE
AT;7161;St. Andrä am Zicksee;DE
AT;7162;Tadten;DE
AT;7163;Andau;DE
AT;7201;Neudörfl;DE
AT;7202;Bad Sauerbrunn;DE
AT;7203;Wiesen;DE
AT;7210;Mattersburg;DE
AT;7212;Forchtenstein;DE
AT;7221;Marz;DE
AT;7222;Rohrbach bei Mattersburg;DE
AT;7223;Sieggraben;DE
AT;7301;Deutschkreutz;DE
AT;7302;Nikitsch;DE
AT;7304;Großwarasdorf;DE
AT;7311;Neckenmarkt;DE
AT;7312;Horitschon;DE
AT;7321;Lackendorf;DE
AT;7322;Lackenbach;DE
AT;7323;Ritzing;DE
AT;7331;Weppersdorf;DE
AT;7332;Kobersdorf;DE
AT;7341;Markt St. Martin;DE
AT;7342;Kaisersdorf;DE
AT;7343;Neutal;DE
AT;7344;Stoob;DE
AT;7350;Oberpullendorf;DE
AT;7361;Lutzmannsburg;DE
AT;7371;Unterrabnitz;DE
AT;7372;Draßmarkt;DE
AT;7373;Piringsdorf;DE
AT;7374;Weingraben;DE
AT;7400;Oberwart;DE
AT;7410;Loipersdorf-Kitzladen;DE
AT;7411;Markt Allhau;DE
AT;7412;Wolfau;DE
AT;7413;Buchschachen;DE
AT;7421;Tauchen-Schaueregg;DE
AT;7422;Riedlingsdorf;DE
AT;7423;Pinkafeld;DE
AT;7424;Grafenschachen;DE
AT;7431;Bad Tatzmannsdorf;DE
AT;7432;Oberschützen;DE
AT;7433;Mariasdorf;DE
AT;7434;Bernstein;DE
AT;7435;Unterkohlstätten;DE
AT;7441;Pilgersdorf;DE
AT;7442;Lockenhaus;DE
AT;7443;Rattersdorf-Liebing;DE
AT;7444;Mannersdorf an der Rabnitz;DE
AT;7451;Oberloisdorf;DE
AT;7452;Unterpullendorf;DE
AT;7453;Steinberg-Dörfl;DE
AT;7461;Stadtschlaining;DE
AT;7463;Weiden bei Rechnitz;DE
AT;7464;Markt Neuhodis;DE
AT;7471;Rechnitz;DE
AT;7472;Schachendorf;DE
AT;7473;Hannersdorf;DE
AT;7474;Deutsch Schützen;DE
AT;7501;Rotenturm an der Pinka;DE
AT;7503;Großpetersdorf;DE
AT;7504;Jabing;DE
AT;7511;Mischendorf;DE
AT;7512;Kohfidisch;DE
AT;7521;Eberau;DE
AT;7522;Strem;DE
AT;7531;Kemeten;DE
AT;7532;Litzelsdorf;DE
AT;7533;Ollersdorf im Burgenland;DE
AT;7534;Olbendorf;DE
AT;7535;St. Michael im Burgenland;DE
AT;7536;Güttenbach;DE
AT;7537;Neuberg im Burgenland;DE
AT;7540;Güssing;DE
AT;7542;Gerersdorf bei Güssing;DE
AT;7543;Kukmirn;DE
AT;7544;Tobaj;DE
AT;7551;Stegersbach;DE
AT;7552;Stinatz;DE
AT;7553;Bocksdorf;DE
AT;7561;Heiligenkreuz im Lafnitztal;DE
AT;7562;Eltendorf;DE
AT;7563;Königsdorf;DE
AT;7564;Dobersdorf;DE
AT;7571;Rudersdorf;DE
AT;7572;Deutsch Kaltenbrunn;DE
AT;7573;Rohrbrunn;DE
AT;8000;Graz;DE
AT;8006;Graz;DE
AT;8007;Graz;DE
AT;8008;Graz;DE
AT;8010;Graz;DE
AT;8011;Graz Postfach;DE
AT;8012;Graz;DE
AT;8013;Graz;DE
AT;8014;Hönigtal;DE
AT;8015;Graz;DE
AT;8016;Graz;DE
AT;8017;Graz;DE
AT;8018;Graz;DE
AT;8019;Graz;DE
AT;8020;Graz;DE
AT;8021;Graz Postfach;DE
AT;8022;Graz;DE
AT;8023;Graz;DE
AT;8024;Graz;DE
AT;8025;Graz;DE
AT;8026;Graz;DE
AT;8027;Graz;DE
AT;8028;Graz;DE
AT;8029;Graz;DE
AT;8035;Graz;DE
AT;8036;Graz;DE
AT;8040;Graz-Liebenau;DE
AT;8041;Graz-Liebenau;DE
AT;8042;Graz-St. Peter;DE
AT;8043;Graz-Kroisbach;DE
AT;8044;Graz-Mariatrost;DE
AT;8045;Graz-Andritz;DE
AT;8046;Graz-St. Veit;DE
AT;8047;Graz-Ragnitz;DE
AT;8048;Graz-Liebenau;DE
AT;8049;Graz;DE
AT;8050;Thal;DE
AT;8051;Graz-Gösting;DE
AT;8052;Graz-Wetzelsdorf;DE
AT;8053;Graz-Neuhart;DE
AT;8054;Graz-Straßgang;DE
AT;8055;Graz-Puntigam;DE
AT;8056;Graz;DE
AT;8057;Graz-Straßgang;DE
AT;8061;St. Radegund bei Graz;DE
AT;8062;Kumberg;DE
AT;8063;Eggersdorf bei Graz;DE
AT;8071;Hausmannstätten;DE
AT;8072;Fernitz;DE
AT;8073;Feldkirchen bei Graz;DE
AT;8074;Raaba;DE
AT;8075;Hart bei Graz;DE
AT;8076;Vasoldsberg;DE
AT;8077;Gössendorf;DE
AT;8081;Heiligenkreuz am Waasen;DE
AT;8082;Kirchbach in Steiermark;DE
AT;8083;St. Stefan im Rosental;DE
AT;8091;Jagerberg;DE
AT;8092;Mettersdorf am Saßbach;DE
AT;8093;St. Peter am Ottersbach;DE
AT;8101;Gratkorn;DE
AT;8102;Semriach;DE
AT;8103;Rein;DE
AT;8111;Judendorf-Straßengel;DE
AT;8112;Gratwein;DE
AT;8113;St. Oswald bei Plankenwarth;DE
AT;8114;Stübing;DE
AT;8120;Peggau;DE
AT;8121;Deutschfeistritz;DE
AT;8122;Waldstein;DE
AT;8124;Übelbach;DE
AT;8130;Frohnleiten;DE
AT;8131;Mixnitz;DE
AT;8132;Pernegg an der Mur;DE
AT;8141;Unterpremstätten;DE
AT;8142;Wundschuh;DE
AT;8143;Dobl;DE
AT;8144;Tobelbad;DE
AT;8151;Hitzendorf;DE
AT;8152;Stallhofen;DE
AT;8153;Geistthal;DE
AT;8160;Weiz;DE
AT;8162;Passail;DE
AT;8163;Fladnitz an der Teichalm;DE
AT;8171;St. Kathrein am Offenegg;DE
AT;8172;Heilbrunn;DE
AT;8181;St. Ruprecht an der Raab;DE
AT;8182;Puch bei Weiz;DE
AT;8183;Floing;DE
AT;8184;Anger;DE
AT;8190;Birkfeld;DE
AT;8191;Koglhof;DE
AT;8192;Strallegg;DE
AT;8193;Dorfviertel;DE
AT;8194;Waisenegg;DE
AT;8200;Gleisdorf;DE
AT;8201;Gleisdorf;DE
AT;8211;Ilztal;DE
AT;8212;Pischelsdorf in der Steiermark;DE
AT;8221;Hirnsdorf;DE
AT;8222;St. Johann bei Herberstein;DE
AT;8223;Stubenberg am See;DE
AT;8224;Kaindorf bei Hartberg;DE
AT;8225;Pöllau bei Hartberg;DE
AT;8226;Obersaifen;DE
AT;8230;Hartberg;DE
AT;8232;Grafendorf bei Hartberg;DE
AT;8233;Lafnitz;DE
AT;8234;Rohrbach an der Lafnitz;DE
AT;8240;Friedberg;DE
AT;8241;Dechantskirchen;DE
AT;8242;St. Lorenzen am Wechsel;DE
AT;8243;Pinggau;DE
AT;8244;Schäffern;DE
AT;8250;Vorau;DE
AT;8251;Bruck an der Lafnitz;DE
AT;8252;Mönichwald;DE
AT;8253;Waldbach;DE
AT;8254;Wenigzell;DE
AT;8255;St. Jakob;DE
AT;8261;Sinabelkirchen;DE
AT;8262;Ilz;DE
AT;8263;Großwilfersdorf;DE
AT;8264;Hainersdorf;DE
AT;8265;Großsteinbach;DE
AT;8266;Nestelbach im Ilztal;DE
AT;8271;Bad Waltersdorf;DE
AT;8272;Sebersdorf;DE
AT;8273;Ebersdorf;DE
AT;8274;Buch;DE
AT;8280;Fürstenfeld;DE
AT;8282;Loipersdorf bei Fürstenfeld;DE
AT;8283;Bad Blumau;DE
AT;8291;Burgau;DE
AT;8292;Neudau;DE
AT;8293;Wörth an der Lafnitz;DE
AT;8294;Unterrohr;DE
AT;8295;St. Johann in der Haide;DE
AT;8301;Laßnitzhöhe;DE
AT;8302;Nestelbach bei Graz;DE
AT;8311;Markt Hartmannsdorf;DE
AT;8312;Ottendorf an der Rittschein;DE
AT;8313;Breitenfeld an der Rittschein;DE
AT;8321;St. Margarethen an der Raab;DE
AT;8322;Studenzen;DE
AT;8323;St. Marein bei Graz;DE
AT;8324;Kirchberg an der Raab;DE
AT;8330;Feldbach;DE
AT;8331;Gossendorf;DE
AT;8332;Edelsbach bei Feldbach;DE
AT;8333;Riegersburg;DE
AT;8334;Lödersdorf;DE
AT;8335;Gniebing;DE
AT;8341;Paldau;DE
AT;8342;Gnas;DE
AT;8343;Trautmannsdorf in Oststeiermark;DE
AT;8344;Bad Gleichenberg;DE
AT;8345;Straden;DE
AT;8350;Fehring;DE
AT;8352;Unterlamm;DE
AT;8353;Kapfenstein;DE
AT;8354;St. Anna am Aigen;DE
AT;8355;Tieschen;DE
AT;8361;Hatzendorf;DE
AT;8362;Söchau;DE
AT;8363;Übersbach;DE
AT;8380;Jennersdorf;DE
AT;8382;Mogersdorf;DE
AT;8383;St. Martin an der Raab;DE
AT;8384;Minihof-Liebau;DE
AT;8385;Neuhaus am Klausenbach;DE
AT;8401;Kalsdorf bei Graz;DE
AT;8402;Werndorf;DE
AT;8403;Lebring;DE
AT;8404;Kalsdorf bei Graz;DE
AT;8410;Wildon;DE
AT;8411;Hengsberg;DE
AT;8412;Allerheiligen bei Wildon;DE
AT;8413;St. Georgen an der Stiefing;DE
AT;8421;Wolfsberg im Schwarzautal;DE
AT;8422;St. Nikolai ob Draßling;DE
AT;8423;St. Veit am Vogau;DE
AT;8424;Gabersdorf;DE
AT;8430;Leibnitz;DE
AT;8431;Gralla;DE
AT;8432;Kaindorf an der Sulm;DE
AT;8433;Leibnitz;DE
AT;8434;Tillmitsch Links der Laßnitz;DE
AT;8435;Wagna;DE
AT;8441;Fresing;DE
AT;8442;Kitzeck im Sausal;DE
AT;8443;Gleinstätten;DE
AT;8444;St. Andrä im Sausal;DE
AT;8451;Heimschuh;DE
AT;8452;Großklein;DE
AT;8453;St. Johann im Saggautal;DE
AT;8454;Arnfels;DE
AT;8455;Oberhaag;DE
AT;8461;Ehrenhausen;DE
AT;8462;Gamlitz;DE
AT;8463;Leutschach;DE
AT;8471;Spielfeld;DE
AT;8472;Straß in Steiermark;DE
AT;8473;Weitersfeld an der Mur;DE
AT;8480;Mureck;DE
AT;8481;Weinburg am Saßbach;DE
AT;8482;Gosdorf;DE
AT;8483;Deutsch Goritz;DE
AT;8484;Unterpurkla;DE
AT;8490;Bad Radkersburg;DE
AT;8492;Halbenrain;DE
AT;8493;Klöch;DE
AT;8501;Lieboch;DE
AT;8502;Lannach;DE
AT;8503;St. Josef Weststeiermark;DE
AT;8504;Preding;DE
AT;8505;St. Nikolai im Sausal;DE
AT;8506;Mettersdorf;DE
AT;8510;Stainz;DE
AT;8511;St. Stefan ob Stainz;DE
AT;8521;Wettmannstätten;DE
AT;8522;Groß St. Florian;DE
AT;8523;Frauental an der Laßnitz;DE
AT;8524;Bad Gams;DE
AT;8530;Deutschlandsberg;DE
AT;8541;Schwanberg;DE
AT;8542;St. Peter im Sulmtal;DE
AT;8543;St. Martin im Sulmtal;DE
AT;8544;Pölfing-Brunn;DE
AT;8551;Wies;DE
AT;8552;Eibiswald;DE
AT;8553;St. Oswald ob Eibiswald;DE
AT;8554;Soboth;DE
AT;8555;Wernersdorf;DE
AT;8556;Aibl;DE
AT;8561;Söding;DE
AT;8562;Mooskirchen;DE
AT;8563;Ligist;DE
AT;8564;Krottendorf-Gaisfeld;DE
AT;8565;St. Johann ob Hohenburg;DE
AT;8570;Voitsberg;DE
AT;8571;Bärnbach;DE
AT;8572;Bärnbach;DE
AT;8573;Kainach bei Voitsberg;DE
AT;8580;Köflach;DE
AT;8581;Köflach-Pichling;DE
AT;8582;Rosental an der Kainach;DE
AT;8583;Edelschrott;DE
AT;8584;Hirschegg;DE
AT;8591;Maria Lankowitz;DE
AT;8592;Salla;DE
AT;8593;Graden;DE
AT;8600;Bruck an der Mur;DE
AT;8605;Kapfenberg;DE
AT;8606;Kapfenberg;DE
AT;8607;Kapfenberg;DE
AT;8608;Parschlug;DE
AT;8611;St. Katharein an der Laming;DE
AT;8612;Tragöß-Oberort;DE
AT;8614;Breitenau;DE
AT;8616;Gasen;DE
AT;8621;Thörl;DE
AT;8622;Etmißl;DE
AT;8623;Aflenz Kurort;DE
AT;8624;Au;DE
AT;8625;Turnau;DE
AT;8630;Mariazell;DE
AT;8632;Gußwerk;DE
AT;8634;Wegscheid;DE
AT;8635;Gollrad;DE
AT;8636;Seewiesen;DE
AT;8641;St. Marein im Mürztal;DE
AT;8642;St. Lorenzen im Mürztal;DE
AT;8643;Allerheiligen im Mürztal;DE
AT;8644;Mürzhofen;DE
AT;8650;Kindberg;DE
AT;8652;Kindberg-Aumühl;DE
AT;8653;Stanz im Mürztal;DE
AT;8654;Fischbach;DE
AT;8661;Wartberg im Mürztal;DE
AT;8662;Mitterdorf im Mürztal;DE
AT;8663;Dorf Veitsch;DE
AT;8664;Großveitsch;DE
AT;8665;Langenwang;DE
AT;8670;Krieglach;DE
AT;8671;Alpl;DE
AT;8672;St. Kathrein am Hauenstein;DE
AT;8673;Ratten;DE
AT;8674;Rettenegg;DE
AT;8680;Mürzzuschlag;DE
AT;8682;Mürzzuschlag-Hönigsberg;DE
AT;8684;Spital am Semmering;DE
AT;8685;Steinhaus am Semmering;DE
AT;8690;Altenberg an der Rax;DE
AT;8691;Kapellen;DE
AT;8692;Neuberg an der Mürz;DE
AT;8693;Mürzsteg;DE
AT;8694;Frein an der Mürz;DE
AT;8700;Leoben;DE
AT;8703;Hinterberg;DE
AT;8704;Leoben;DE
AT;8707;Leoben;DE
AT;8709;Leoben-Lerchenfeld;DE
AT;8712;Niklasdorf;DE
AT;8713;St. Stefan ob Leoben;DE
AT;8714;Kraubath an der Mur;DE
AT;8715;St. Lorenzen bei Knittelfeld;DE
AT;8720;Knittelfeld;DE
AT;8722;Knittelfeld;DE
AT;8723;Kobenz;DE
AT;8724;Spielberg;DE
AT;8731;Bischoffeld;DE
AT;8732;Seckau;DE
AT;8733;St. Marein bei Knittelfeld;DE
AT;8734;Großlobming;DE
AT;8740;Zeltweg;DE
AT;8741;Weißkirchen in Steiermark;DE
AT;8742;Obdach;DE
AT;8743;Eppenstein;DE
AT;8750;Judenburg;DE
AT;8751;Judenburg - Murdorf;DE
AT;8753;Fohnsdorf;DE
AT;8754;Thalheim;DE
AT;8755;St. Peter ob Judenburg;DE
AT;8756;St. Georgen ob Judenburg;DE
AT;8761;Pöls;DE
AT;8762;Oberzeiring;DE
AT;8763;Möderbrugg;DE
AT;8764;Pusterwald;DE
AT;8765;St. Johann am Tauern;DE
AT;8766;Bretstein;DE
AT;8770;St. Michael in Obersteiermark;DE
AT;8772;Timmersdorf;DE
AT;8773;Kammern im Liesingtal;DE
AT;8774;Mautern in Steiermark;DE
AT;8775;Kalwang;DE
AT;8781;Wald am Schoberpaß;DE
AT;8782;Treglwang;DE
AT;8783;Gaishorn am See;DE
AT;8784;Trieben;DE
AT;8785;Hohentauern;DE
AT;8786;Rottenmann;DE
AT;8790;Eisenerz;DE
AT;8792;St. Peter-Freienstein;DE
AT;8793;Trofaiach;DE
AT;8794;Vordernberg;DE
AT;8795;Radmer;DE
AT;8800;Unzmarkt;DE
AT;8811;Scheifling;DE
AT;8812;Mariahof;DE
AT;8813;St. Lambrecht;DE
AT;8820;Neumarkt in Steiermark;DE
AT;8822;Mühlen;DE
AT;8831;Niederwölz;DE
AT;8832;Oberwölz;DE
AT;8833;Teufenbach;DE
AT;8841;Frojach;DE
AT;8842;Katsch an der Mur;DE
AT;8843;St. Peter am Kammersberg;DE
AT;8844;Schöder;DE
AT;8850;Murau;DE
AT;8852;Stolzalpe;DE
AT;8853;Ranten;DE
AT;8854;Krakaudorf;DE
AT;8861;St. Georgen ob Murau;DE
AT;8862;Stadl an der Mur;DE
AT;8863;Predlitz;DE
AT;8864;Turrach;DE
AT;8900;Selzthal;DE
AT;8903;Lassing;DE
AT;8904;Ardning;DE
AT;8911;Admont;DE
AT;8912;Johnsbach;DE
AT;8913;Weng;DE
AT;8920;Hieflau;DE
AT;8921;Lainbach;DE
AT;8922;Gams bei Hieflau;DE
AT;8923;Palfau;DE
AT;8924;Wildalpen;DE
AT;8931;Landl;DE
AT;8932;Weißenbach an der Enns;DE
AT;8933;St. Gallen;DE
AT;8934;Altenmarkt bei St. Gallen;DE
AT;8940;Liezen;DE
AT;8941;Weißenbach bei Liezen;DE
AT;8942;Wörschach;DE
AT;8943;Aigen im Ennstal;DE
AT;8950;Stainach;DE
AT;8951;Trautenfels;DE
AT;8952;Irdning;DE
AT;8953;Donnersbach;DE
AT;8954;St. Martin am Grimming;DE
AT;8960;Öblarn;DE
AT;8961;Stein an der Enns;DE
AT;8962;Gröbming;DE
AT;8963;Sankt Nikolai im Sölktal;DE
AT;8965;Pruggern;DE
AT;8966;Aich-Assach;DE
AT;8967;Haus;DE
AT;8970;Schladming;DE
AT;8971;Rohrmoos-Untertal;DE
AT;8972;Ramsau;DE
AT;8973;Pichl;DE
AT;8974;Mandling;DE
AT;8982;Tauplitz;DE
AT;8983;Bad Mitterndorf;DE
AT;8984;Kainisch;DE
AT;8990;Bad Aussee;DE
AT;8992;Altaussee;DE
AT;8993;Grundlsee;DE
AT;9000;Villach;DE
AT;9010;Klagenfurt am Wörthersee;DE
AT;9013;Klagenfurt am Wörthersee;DE
AT;9020;Klagenfurt am Wörthersee;DE
AT;9021;Klagenfurt am Wörthersee Postfach;DE
AT;9022;Klagenfurt am Wörthersee;DE
AT;9023;Klagenfurt am Wörthersee;DE
AT;9024;Klagenfurt am Wörthersee;DE
AT;9025;Klagenfurt am Wörthersee;DE
AT;9026;Klagenfurt am Wörthersee;DE
AT;9027;Klagenfurt am Wörthersee;DE
AT;9028;Klagenfurt am Wörthersee;DE
AT;9029;Klagenfurt am Wörthersee;DE
AT;9031;Klagenfurt;DE
AT;9033;Klagenfurt;DE
AT;9034;Klagenfurt;DE
AT;9035;Klagenfurt;DE
AT;9061;Klagenfurt-Wölfnitz;DE
AT;9062;Moosburg;DE
AT;9063;Maria Saal;DE
AT;9064;Pischeldorf;DE
AT;9065;Ebenthal;DE
AT;9071;Köttmannsdorf;DE
AT;9072;Ludmannsdorf;DE
AT;9073;Klagenfurt-Viktring;DE
AT;9074;Keutschach;DE
AT;9081;Reifnitz;DE
AT;9082;Maria Wörth;DE
AT;9100;Völkermarkt;DE
AT;9102;Mittertrixen;DE
AT;9103;Diex;DE
AT;9104;Pustritz;DE
AT;9111;Haimburg;DE
AT;9112;Griffen;DE
AT;9113;Ruden;DE
AT;9121;Tainach;DE
AT;9122;St. Kanzian am Klopeiner See;DE
AT;9123;St. Primus;DE
AT;9125;Kühnsdorf;DE
AT;9130;Poggersdorf;DE
AT;9131;Grafenstein;DE
AT;9132;Gallizien;DE
AT;9133;Sittersdorf;DE
AT;9135;Bad Eisenkappel;DE
AT;9141;Eberndorf;DE
AT;9142;Globasnitz;DE
AT;9143;St. Michael ob Bleiburg;DE
AT;9150;Bleiburg;DE
AT;9155;Neuhaus;DE
AT;9161;Maria Rain;DE
AT;9162;Strau;DE
AT;9163;Unterbergen;DE
AT;9170;Ferlach;DE
AT;9171;Waidisch;DE
AT;9172;Zell-Pfarre;DE
AT;9173;St. Margareten im Rosental;DE
AT;9181;Feistritz im Rosental;DE
AT;9182;Maria Elend;DE
AT;9183;Rosenbach;DE
AT;9184;St. Jakob im Rosental;DE
AT;9201;Krumpendorf;DE
AT;9210;Pörtschach am Wörther See;DE
AT;9212;Techelsberg am Wörther See;DE
AT;9220;Velden am Wörther See;DE
AT;9231;Köstenberg;DE
AT;9232;Rosegg;DE
AT;9241;Wernberg;DE
AT;9300;St. Veit an der Glan;DE
AT;9302;St. Veit an der Glan;DE
AT;9311;Kraig;DE
AT;9312;Meiselding;DE
AT;9313;St. Georgen am Längsee;DE
AT;9314;Launsdorf;DE
AT;9321;Kappel am Krappfeld;DE
AT;9322;Micheldorf;DE
AT;9323;Wildbad Einöd;DE
AT;9324;Passering;DE
AT;9330;Treibach-Althofen;DE
AT;9334;Guttaring;DE
AT;9335;Lölling;DE
AT;9341;Straßburg;DE
AT;9342;Gurk;DE
AT;9343;Zweinitz;DE
AT;9344;Weitensfeld;DE
AT;9345;Kleinglödnitz;DE
AT;9346;Glödnitz;DE
AT;9360;Friesach;DE
AT;9361;St. Salvator;DE
AT;9362;Grades;DE
AT;9363;Metnitz;DE
AT;9371;Brückl;DE
AT;9372;Eberstein;DE
AT;9373;Klein St. Paul;DE
AT;9374;Wieting;DE
AT;9375;Hüttenberg;DE
AT;9376;Knappenberg;DE
AT;9400;Wolfsberg;DE
AT;9402;Wolfsberg, Kärnten;DE
AT;9411;St. Michael;DE
AT;9412;St. Margarethen im Lavanttal;DE
AT;9413;St. Gertraud;DE
AT;9421;Eitweg;DE
AT;9422;Maria Rojach;DE
AT;9423;St. Georgen;DE
AT;9431;St. Stefan;DE
AT;9433;St. Andrä;DE
AT;9441;Twimberg;DE
AT;9451;Preitenegg;DE
AT;9461;Prebl;DE
AT;9462;Bad St. Leonhard im Lavanttal;DE
AT;9463;Reichenfels;DE
AT;9470;St. Paul im Lavanttal;DE
AT;9472;Ettendorf;DE
AT;9473;Lavamünd;DE
AT;9500;Villach;DE
AT;9501;Villach;DE
AT;9502;Villach;DE
AT;9503;Villach;DE
AT;9504;Villach-Warmbad Villach;DE
AT;9505;Villach;DE
AT;9507;Villach;DE
AT;9508;Villach;DE
AT;9509;Zauchen;DE
AT;9510;Villach;DE
AT;9520;Sattendorf;DE
AT;9521;Treffen;DE
AT;9523;Villach-Landskron;DE
AT;9524;Villach-St. Magdalen;DE
AT;9530;Bad Bleiberg;DE
AT;9531;Kreuth;DE
AT;9535;Schiefling am Wörthersee;DE
AT;9536;St. Egyden;DE
AT;9541;Einöde;DE
AT;9542;Afritz;DE
AT;9543;Arriach;DE
AT;9544;Feld am See;DE
AT;9545;Radenthein;DE
AT;9546;Bad Kleinkirchheim;DE
AT;9551;Bodensdorf;DE
AT;9552;Steindorf am Ossiacher See;DE
AT;9554;St. Urban;DE
AT;9555;Glanegg;DE
AT;9556;Liebenfels;DE
AT;9560;Feldkirchen in Kärnten;DE
AT;9562;Himmelberg;DE
AT;9563;Gnesau;DE
AT;9564;Patergassen;DE
AT;9565;Ebene Reichenau;DE
AT;9570;Ossiach;DE
AT;9571;Sirnitz;DE
AT;9572;Deutsch Griffen;DE
AT;9580;Villach-Drobollach am Faaker See;DE
AT;9581;Ledenitzen;DE
AT;9582;Latschach;DE
AT;9583;Faak am See;DE
AT;9584;Finkenstein;DE
AT;9585;Gödersdorf;DE
AT;9586;Fürnitz;DE
AT;9587;Riegersdorf;DE
AT;9601;Arnoldstein;DE
AT;9602;Thörl-Maglern;DE
AT;9611;Nötsch;DE
AT;9612;St. Georgen im Gailtal;DE
AT;9613;Feistritz an der Gail;DE
AT;9614;Vorderberg;DE
AT;9615;Görtschach;DE
AT;9620;Hermagor;DE
AT;9622;Weißbriach;DE
AT;9623;St. Stefan an der Gail;DE
AT;9624;Egg;DE
AT;9625;St. Stefan an der Gail;DE
AT;9631;Jenig;DE
AT;9632;Kirchbach;DE
AT;9633;Reisach;DE
AT;9634;Gundersheim;DE
AT;9635;Dellach;DE
AT;9640;Kötschach-Mauthen;DE
AT;9642;Laas;DE
AT;9651;St. Jakob im Lesachtal;DE
AT;9652;Birnbaum;DE
AT;9653;Liesing;DE
AT;9654;St. Lorenzen im Lesachtal;DE
AT;9655;Maria Luggau;DE
AT;9701;Rothenthurn;DE
AT;9702;Ferndorf;DE
AT;9710;Feistritz an der Drau;DE
AT;9711;Paternion;DE
AT;9712;Fresach;DE
AT;9713;Zlan;DE
AT;9714;Stockenboi;DE
AT;9721;Weißenstein;DE
AT;9722;Gummern;DE
AT;9751;Sachsenburg;DE
AT;9753;Lind im Drautal;DE
AT;9754;Steinfeld;DE
AT;9761;Greifenburg;DE
AT;9762;Weißensee;DE
AT;9771;Berg im Drautal;DE
AT;9772;Dellach;DE
AT;9773;Irschen;DE
AT;9774;Simmerlach;DE
AT;9781;Oberdrauburg;DE
AT;9782;Nikolsdorf;DE
AT;9800;Spittal an der Drau;DE
AT;9802;Spittal an der Drau;DE
AT;9803;Spittal an der Drau;DE
AT;9805;Baldramsdorf;DE
AT;9811;Lendorf;DE
AT;9812;Pusarnitz;DE
AT;9813;Möllbrücke;DE
AT;9814;Mühldorf;DE
AT;9815;Kolbnitz;DE
AT;9816;Penk;DE
AT;9821;Obervellach;DE
AT;9822;Mallnitz;DE
AT;9831;Flattach;DE
AT;9832;Stall;DE
AT;9833;Rangersdorf;DE
AT;9841;Winklern;DE
AT;9842;Mörtschach;DE
AT;9843;Großkirchheim;DE
AT;9844;Heiligenblut;DE
AT;9851;Lieserbrücke;DE
AT;9852;Trebesing;DE
AT;9853;Gmünd;DE
AT;9854;Malta;DE
AT;9861;Eisentratten;DE
AT;9862;Kremsbrücke;DE
AT;9863;Rennweg;DE
AT;9871;Seeboden;DE
AT;9872;Millstatt am See;DE
AT;9873;Döbriach;DE
AT;9900;Lienz;DE
AT;9903;Oberlienz;DE
AT;9904;Thurn;DE
AT;9905;Gaimberg;DE
AT;9906;Lavant;DE
AT;9907;Tristach;DE
AT;9908;Amlach;DE
AT;9909;Leisach;DE
AT;9911;Assling;DE
AT;9912;Anras;DE
AT;9913;Abfaltersbach;DE
AT;9918;Strassen;DE
AT;9919;Heinfels;DE
AT;9920;Sillian;DE
AT;9922;Strassen;DE
AT;9931;Außervillgraten;DE
AT;9932;Innervillgraten;DE
AT;9941;Kartitsch;DE
AT;9942;Obertilliach;DE
AT;9943;Untertilliach;DE
AT;9951;Ainet;DE
AT;9952;St. Johann im Walde;DE
AT;9953;Huben;DE
AT;9954;Schlaiten;DE
AT;9961;Hopfgarten in Defereggen;DE
AT;9962;St. Veit in Defereggen;DE
AT;9963;St. Jakob in Defereggen;DE
AT;9971;Matrei in Osttirol;DE
AT;9972;Virgen;DE
AT;9974;Prägraten;DE
AT;9981;Kals;DE
AT;9990;Nußdorf-Debant;DE
AT;9991;Dölsach;DE
AT;9992;Iselsberg-Stronach;DE
