BE;1000;BRUXELLES;BRUSSEL
BE;1005;Assemblée Réunie de la Commission Communautaire;Verenigde Vergadering van de Gemeenschappelijke 
BE;1006;Raad van de Vlaamse Gemeenschapscommissie ;Raad van de Vlaamse Gemeenschapscommissie
BE;1007;Assemblée de la Commission Communautaire Française;Assemblée de la Commission Communautaire Française
BE;1008;Chambre des Représentants;Kamer van Volksvertegenwoordigers
BE;1009;Senat de Belgique;Belgische Senaat
BE;1011;Vlaams parlement;Vlaams Parlement
BE;1012;Parlement de la Communauté française;Parlement de la communauté française
BE;1020;Laeken;Laken
BE;1030;SCHAERBEEK;SCHAARBEEK
BE;1031;Organisations Sociales Chrétiennes;Christelijke Sociale Organisaties
BE;1033;RTL-TVI;RTL-TVI
BE;1035;Ministère de la Région de Bruxelles Capitale;Ministerie van het Brussels Hoofdstedelijk Gewest
BE;1040;ETTERBEEK;ETTERBEEK
BE;1041;International Press Center;International press center
BE;1043;VRT;VRT
BE;1044;RTBF;RTBF
BE;1046;European External Action Service;European External Action Service
BE;1047;Parlement Européen;Europees Parlement
BE;1048;Union Européenne - Conseil;Europese unie - Raad
BE;1049;Union Européenne - Commission;Europese unie - Commissie
BE;1050;IXELLES;ELSENE
BE;1060;SAINT-GILLES;SINT-GILLIS
BE;1070;ANDERLECHT;ANDERLECHT
BE;1080;MOLENBEEK-SAINT-JEAN;SINT-JANS-MOLENBEEK
BE;1081;KOEKELBERG;KOEKELBERG
BE;1082;BERCHEM-SAINTE-AGATHE;SINT-AGATHA-BERCHEM
BE;1083;GANSHOREN;GANSHOREN
BE;1090;JETTE;JETTE
BE;1099;Bruxelles X;Brussel X
BE;1100;Postcheque;Postcheque
BE;1101;Scanning;Scanning
BE;1105;SOC;SOC
BE;1110;OTAN;NATO
BE;1120;Neder-Over-Heembeek;Neder-Over-Heembeek
BE;1130;Haren;Haren
BE;1140;EVERE;EVERE
BE;1150;WOLUWE-SAINT-PIERRE;SINT-PIETERS-WOLUWE
BE;1160;AUDERGHEM;OUDERGEM
BE;1170;WATERMAEL-BOITSFORT;WATERMAAL-BOSVOORDE
BE;1180;UCCLE;UKKEL
BE;1190;FOREST;VORST
BE;1200;WOLUWE-SAINT-LAMBERT;SINT-LAMBRECHTS-WOLUWE
BE;1210;SAINT-JOSSE-TEN-NOODE;SINT-JOOST-TEN-NOODE
BE;1212;SPF Mobilité;FOD Mobiliteit
BE;1300;Limal;Limal
BE;1300;WAVRE;WAVRE
BE;1301;Bierges;Bierges
BE;1310;LA HULPE;LA HULPE
BE;1315;Glimes;Glimes
BE;1315;INCOURT;INCOURT
BE;1315;Opprebais;Opprebais
BE;1315;Piètrebais;Piètrebais
BE;1315;Roux-Miroir;Roux-Miroir
BE;1320;BEAUVECHAIN;BEAUVECHAIN
BE;1320;Hamme-Mille;Hamme-Mille
BE;1320;L'Ecluse;L'Ecluse
BE;1320;Nodebais;Nodebais
BE;1320;Tourinnes-La-Grosse;Tourinnes-La-Grosse
BE;1325;Bonlez;Bonlez
BE;1325;CHAUMONT-GISTOUX;CHAUMONT-GISTOUX
BE;1325;Corroy-Le-Grand;Corroy-Le-Grand
BE;1325;Dion-Valmont;Dion-Valmont
BE;1325;Longueville;Longueville
BE;1330;RIXENSART;RIXENSART
BE;1331;Rosières;Rosières
BE;1332;Genval;Genval
BE;1340;Ottignies;Ottignies
BE;1340;OTTIGNIES-LOUVAIN-LA-NEUVE;OTTIGNIES-LOUVAIN-LA-NEUVE
BE;1341;Céroux-Mousty;Céroux-Mousty
BE;1342;Limelette;Limelette
BE;1348;Louvain-La-Neuve;Louvain-La-Neuve
BE;1350;Enines;Enines
BE;1350;Folx-Les-Caves;Folx-Les-Caves
BE;1350;Jandrain-Jandrenouille;Jandrain-Jandrenouille
BE;1350;Jauche;Jauche
BE;1350;Marilles;Marilles
BE;1350;Noduwez;Noduwez
BE;1350;ORP-JAUCHE;ORP-JAUCHE
BE;1350;Orp-Le-Grand;Orp-Le-Grand
BE;1357;HÉLÉCINE;HÉLÉCINE
BE;1357;Linsmeau;Linsmeau
BE;1357;Neerheylissem;Neerheylissem
BE;1357;Opheylissem;Opheylissem
BE;1360;Malèves-Sainte-Marie-Wastines;Malèves-Sainte-Marie-Wastines
BE;1360;Orbais;Orbais
BE;1360;PERWEZ;PERWEZ
BE;1360;Thorembais-Les-Béguines;Thorembais-Les-Béguines
BE;1360;Thorembais-Saint-Trond;Thorembais-Saint-Trond
BE;1367;Autre-Eglise;Autre-Eglise
BE;1367;Bomal;Bomal
BE;1367;Geest-Gérompont-Petit-Rosière;Geest-Gérompont-Petit-Rosière
BE;1367;Gérompont;Gérompont
BE;1367;Grand-Rosière-Hottomont;Grand-Rosière-Hottomont
BE;1367;Huppaye;Huppaye
BE;1367;Mont-Saint-André;Mont-Saint-André
BE;1367;RAMILLIES;RAMILLIES
BE;1370;Dongelberg;Dongelberg
BE;1370;Jauchelette;Jauchelette
BE;1370;JODOIGNE;JODOIGNE
BE;1370;Jodoigne-Souveraine;Jodoigne-Souveraine
BE;1370;Lathuy;Lathuy
BE;1370;Mélin;Mélin
BE;1370;Piétrain;Piétrain
BE;1370;Saint-Jean-Geest;Saint-Jean-Geest
BE;1370;Saint-Remy-Geest;Saint-Remy-Geest
BE;1370;Zétrud-Lumay;Zétrud-Lumay
BE;1380;Couture-Saint-Germain;Couture-Saint-Germain
BE;1380;LASNE;LASNE
BE;1380;Lasne-Chapelle-Saint-Lambert;Lasne-Chapelle-Saint-Lambert
BE;1380;Maransart;Maransart
BE;1380;Ohain;Ohain
BE;1380;Plancenoit;Plancenoit
BE;1390;Archennes;Archennes
BE;1390;Biez;Biez
BE;1390;Bossut-Gottechain;Bossut-Gottechain
BE;1390;GREZ-DOICEAU;GREZ-DOICEAU
BE;1390;Nethen;Nethen
BE;1400;Monstreux;Monstreux
BE;1400;NIVELLES;NIVELLES
BE;1401;Baulers;Baulers
BE;1402;Thines;Thines
BE;1404;Bornival;Bornival
BE;1410;WATERLOO;WATERLOO
BE;1420;BRAINE-L'ALLEUD;BRAINE-L'ALLEUD
BE;1421;Ophain-Bois-Seigneur-Isaac;Ophain-Bois-Seigneur-Isaac
BE;1428;Lillois-Witterzée;Lillois-Witterzée
BE;1430;Bierghes;Bierghes
BE;1430;Quenast;Quenast
BE;1430;REBECQ;REBECQ
BE;1430;Rebecq-Rognon;Rebecq-Rognon
BE;1435;Corbais;Corbais
BE;1435;Hévillers;Hévillers
BE;1435;MONT-SAINT-GUIBERT;MONT-SAINT-GUIBERT
BE;1440;BRAINE-LE-CHÂTEAU;BRAINE-LE-CHÂTEAU
BE;1440;Wauthier-Braine;Wauthier-Braine
BE;1450;CHASTRE;CHASTRE
BE;1450;Chastre-Villeroux-Blanmont;Chastre-Villeroux-Blanmont
BE;1450;Cortil-Noirmont;Cortil-Noirmont
BE;1450;Gentinnes;Gentinnes
BE;1450;Saint-Géry;Saint-Géry
BE;1457;Nil-Saint-Vincent-Saint-Martin;Nil-Saint-Vincent-Saint-Martin
BE;1457;Tourinnes-Saint-Lambert;Tourinnes-Saint-Lambert
BE;1457;WALHAIN;WALHAIN
BE;1457;Walhain-Saint-Paul;Walhain-Saint-Paul
BE;1460;ITTRE;ITTRE
BE;1460;Virginal-Samme;Virginal-Samme
BE;1461;Haut-Ittre;Haut-Ittre
BE;1470;Baisy-Thy;Baisy-Thy
BE;1470;Bousval;Bousval
BE;1470;GENAPPE;GENAPPE
BE;1471;Loupoigne;Loupoigne
BE;1472;Vieux-Genappe;Vieux-Genappe
BE;1473;Glabais;Glabais
BE;1474;Ways;Ways
BE;1476;Houtain-Le-Val;Houtain-Le-Val
BE;1480;Clabecq;Clabecq
BE;1480;Oisquercq;Oisquercq
BE;1480;Saintes;Saintes
BE;1480;TUBIZE;TUBIZE
BE;1490;COURT-SAINT-ETIENNE;COURT-SAINT-ETIENNE
BE;1495;Marbais;Marbais
BE;1495;Mellery;Mellery
BE;1495;Sart-Dames-Avelines;Sart-Dames-Avelines
BE;1495;Tilly;Tilly
BE;1495;VILLERS-LA-VILLE;VILLERS-LA-VILLE
BE;1500;HALLE;HALLE
BE;1501;Buizingen;Buizingen
BE;1502;Lembeek;Lembeek
BE;1540;Herfelingen;Herfelingen
BE;1540;HERNE;HERNE
BE;1541;Sint-Pieters-Kapelle;Sint-Pieters-Kapelle
BE;1547;BIÉVÈNE;BEVER
BE;1560;HOEILAART;HOEILAART
BE;1570;GALMAARDEN;GALMAARDEN
BE;1570;Tollembeek;Tollembeek
BE;1570;Vollezele;Vollezele
BE;1600;Oudenaken;Oudenaken
BE;1600;Sint-Laureins-Berchem;Sint-Laureins-Berchem
BE;1600;SINT-PIETERS-LEEUW;SINT-PIETERS-LEEUW
BE;1601;Ruisbroek;Ruisbroek
BE;1602;Vlezenbeek;Vlezenbeek
BE;1620;DROGENBOS;DROGENBOS
BE;1630;LINKEBEEK;LINKEBEEK
BE;1640;RHODE-SAINT-GENÈSE;SINT-GENESIUS-RODE
BE;1650;BEERSEL;BEERSEL
BE;1651;Lot;Lot
BE;1652;Alsemberg;Alsemberg
BE;1653;Dworp;Dworp
BE;1654;Huizingen;Huizingen
BE;1670;Bogaarden;Bogaarden
BE;1670;Heikruis;Heikruis
BE;1670;PEPINGEN;PEPINGEN
BE;1671;Elingen;Elingen
BE;1673;Beert;Beert
BE;1674;Bellingen;Bellingen
BE;1700;DILBEEK;DILBEEK
BE;1700;Sint-Martens-Bodegem;Sint-Martens-Bodegem
BE;1700;Sint-Ulriks-Kapelle;Sint-Ulriks-Kapelle
BE;1701;Itterbeek;Itterbeek
BE;1702;Groot-Bijgaarden;Groot-Bijgaarden
BE;1703;Schepdaal;Schepdaal
BE;1730;ASSE;ASSE
BE;1730;Bekkerzeel;Bekkerzeel
BE;1730;Kobbegem;Kobbegem
BE;1730;Mollem;Mollem
BE;1731;Relegem;Relegem
BE;1731;Zellik;Zellik
BE;1733;HighCo DATA;HighCo DATA
BE;1740;TERNAT;TERNAT
BE;1741;Wambeek;Wambeek
BE;1742;Sint-Katherina-Lombeek;Sint-Katherina-Lombeek
BE;1745;Mazenzele;Mazenzele
BE;1745;OPWIJK;OPWIJK
BE;1750;Gaasbeek;Gaasbeek
BE;1750;LENNIK;LENNIK
BE;1750;Sint-Kwintens-Lennik;Sint-Kwintens-Lennik
BE;1750;Sint-Martens-Lennik;Sint-Martens-Lennik
BE;1755;GOOIK;GOOIK
BE;1755;Kester;Kester
BE;1755;Leerbeek;Leerbeek
BE;1755;Oetingen;Oetingen
BE;1760;Onze-Lieve-Vrouw-Lombeek;Onze-Lieve-Vrouw-Lombeek
BE;1760;Pamel;Pamel
BE;1760;ROOSDAAL;ROOSDAAL
BE;1760;Strijtem;Strijtem
BE;1761;Borchtlombeek;Borchtlombeek
BE;1770;LIEDEKERKE;LIEDEKERKE
BE;1780;WEMMEL;WEMMEL
BE;1785;Brussegem;Brussegem
BE;1785;Hamme;Hamme
BE;1785;MERCHTEM;MERCHTEM
BE;1790;AFFLIGEM;AFFLIGEM
BE;1790;Essene;Essene
BE;1790;Hekelgem;Hekelgem
BE;1790;Teralfene;Teralfene
BE;1800;Peutie;Peutie
BE;1800;VILVOORDE;VILVOORDE
BE;1804;Cargovil;Cargovil
BE;1818;VTM;VTM
BE;1820;Melsbroek;Melsbroek
BE;1820;Perk;Perk
BE;1820;STEENOKKERZEEL;STEENOKKERZEEL
BE;1830;MACHELEN;MACHELEN
BE;1831;Diegem;Diegem
BE;1840;LONDERZEEL;LONDERZEEL
BE;1840;Malderen;Malderen
BE;1840;Steenhuffel;Steenhuffel
BE;1850;GRIMBERGEN;GRIMBERGEN
BE;1851;Humbeek;Humbeek
BE;1852;Beigem;Beigem
BE;1853;Strombeek-Bever;Strombeek-Bever
BE;1860;MEISE;MEISE
BE;1861;Wolvertem;Wolvertem
BE;1880;KAPELLE-OP-DEN-BOS;KAPELLE-OP-DEN-BOS
BE;1880;Nieuwenrode;Nieuwenrode
BE;1880;Ramsdonk;Ramsdonk
BE;1910;Berg;Berg
BE;1910;Buken;Buken
BE;1910;KAMPENHOUT;KAMPENHOUT
BE;1910;Nederokkerzeel;Nederokkerzeel
BE;1930;Nossegem;Nossegem
BE;1930;ZAVENTEM;ZAVENTEM
BE;1931;Brucargo;Brucargo
BE;1932;Sint-Stevens-Woluwe;Sint-Stevens-Woluwe
BE;1933;Sterrebeek;Sterrebeek
BE;1934;Office Exchange Brussels Airport Remailing;Office Exchange Brussels Airpor Remailing
BE;1935;Corporate Village;Corporate Village
BE;1950;KRAAINEM;KRAAINEM
BE;1970;WEZEMBEEK-OPPEM;WEZEMBEEK-OPPEM
BE;1980;Eppegem;Eppegem
BE;1980;ZEMST;ZEMST
BE;1981;Hofstade;Hofstade
BE;1982;Elewijt;Elewijt
BE;1982;Weerde;Weerde
BE;2000;ANTWERPEN;ANTWERPEN
BE;2018;ANTWERPEN;ANTWERPEN
BE;2020;ANTWERPEN;ANTWERPEN
BE;2030;ANTWERPEN;ANTWERPEN
BE;2040;ANTWERPEN;ANTWERPEN
BE;2040;Berendrecht;Berendrecht
BE;2040;Lillo;Lillo
BE;2040;Zandvliet;Zandvliet
BE;2050;ANTWERPEN;ANTWERPEN
BE;2060;ANTWERPEN;ANTWERPEN
BE;2070;Burcht;Burcht
BE;2070;ZWIJNDRECHT;ZWIJNDRECHT
BE;2075;CSM Antwerpen X;CSM Antwerpen X
BE;2099;Antwerpen x;Antwerpen X
BE;2100;Deurne;Deurne
BE;2110;WIJNEGEM;WIJNEGEM
BE;2140;Borgerhout;Borgerhout
BE;2150;BORSBEEK;BORSBEEK
BE;2160;WOMMELGEM;WOMMELGEM
BE;2170;Merksem;Merksem
BE;2180;Ekeren;Ekeren
BE;2200;HERENTALS;HERENTALS
BE;2200;Morkhoven;Morkhoven
BE;2200;Noorderwijk;Noorderwijk
BE;2220;Hallaar;Hallaar
BE;2220;HEIST-OP-DEN-BERG;HEIST-OP-DEN-BERG
BE;2221;Booischot;Booischot
BE;2222;Itegem;Itegem
BE;2222;Wiekevorst;Wiekevorst
BE;2223;Schriek;Schriek
BE;2230;HERSELT;HERSELT
BE;2230;Ramsel;Ramsel
BE;2235;Houtvenne;Houtvenne
BE;2235;HULSHOUT;HULSHOUT
BE;2235;Westmeerbeek;Westmeerbeek
BE;2240;Massenhoven;Massenhoven
BE;2240;Viersel;Viersel
BE;2240;ZANDHOVEN;ZANDHOVEN
BE;2242;Pulderbos;Pulderbos
BE;2243;Pulle;Pulle
BE;2250;OLEN;OLEN
BE;2260;Oevel;Oevel
BE;2260;Tongerlo;Tongerlo
BE;2260;WESTERLO;WESTERLO
BE;2260;Zoerle-Parwijs;Zoerle-Parwijs
BE;2270;HERENTHOUT;HERENTHOUT
BE;2275;Gierle;Gierle
BE;2275;LILLE;LILLE
BE;2275;Poederlee;Poederlee
BE;2275;Wechelderzande;Wechelderzande
BE;2280;GROBBENDONK;GROBBENDONK
BE;2288;Bouwel;Bouwel
BE;2290;VORSELAAR;VORSELAAR
BE;2300;TURNHOUT;TURNHOUT
BE;2310;RIJKEVORSEL;RIJKEVORSEL
BE;2320;HOOGSTRATEN;HOOGSTRATEN
BE;2321;Meer;Meer
BE;2322;Minderhout;Minderhout
BE;2323;Wortel;Wortel
BE;2328;Meerle;Meerle
BE;2330;MERKSPLAS;MERKSPLAS
BE;2340;BEERSE;BEERSE
BE;2340;Vlimmeren;Vlimmeren
BE;2350;VOSSELAAR;VOSSELAAR
BE;2360;OUD-TURNHOUT;OUD-TURNHOUT
BE;2370;ARENDONK;ARENDONK
BE;2380;RAVELS;RAVELS
BE;2381;Weelde;Weelde
BE;2382;Poppel;Poppel
BE;2387;BAARLE-HERTOG;BAARLE-HERTOG
BE;2390;MALLE;MALLE
BE;2390;Oostmalle;Oostmalle
BE;2390;Westmalle;Westmalle
BE;2400;MOL;MOL
BE;2430;Eindhout;Eindhout
BE;2430;LAAKDAL;LAAKDAL
BE;2430;Vorst;Vorst
BE;2431;Varendonk;Varendonk
BE;2431;Veerle;Veerle
BE;2440;GEEL;GEEL
BE;2450;MEERHOUT;MEERHOUT
BE;2460;KASTERLEE;KASTERLEE
BE;2460;Lichtaart;Lichtaart
BE;2460;Tielen;Tielen
BE;2470;RETIE;RETIE
BE;2480;DESSEL;DESSEL
BE;2490;BALEN;BALEN
BE;2491;Olmen;Olmen
BE;2500;Koningshooikt;Koningshooikt
BE;2500;LIER;LIER
BE;2520;Broechem;Broechem
BE;2520;Emblem;Emblem
BE;2520;Oelegem;Oelegem
BE;2520;RANST;RANST
BE;2530;BOECHOUT;BOECHOUT
BE;2531;Vremde;Vremde
BE;2540;HOVE;HOVE
BE;2547;LINT;LINT
BE;2550;KONTICH;KONTICH
BE;2550;Waarloos;Waarloos
BE;2560;Bevel;Bevel
BE;2560;Kessel;Kessel
BE;2560;NIJLEN;NIJLEN
BE;2570;DUFFEL;DUFFEL
BE;2580;Beerzel;Beerzel
BE;2580;PUTTE;PUTTE
BE;2590;BERLAAR;BERLAAR
BE;2590;Gestel;Gestel
BE;2600;Berchem;Berchem
BE;2610;Wilrijk;Wilrijk
BE;2620;HEMIKSEM;HEMIKSEM
BE;2627;SCHELLE;SCHELLE
BE;2630;AARTSELAAR;AARTSELAAR
BE;2640;MORTSEL;MORTSEL
BE;2650;EDEGEM;EDEGEM
BE;2660;Hoboken;Hoboken
BE;2800;MECHELEN;MECHELEN
BE;2800;Walem;Walem
BE;2801;Heffen;Heffen
BE;2811;Hombeek;Hombeek
BE;2811;Leest;Leest
BE;2812;Muizen;Muizen
BE;2820;BONHEIDEN;BONHEIDEN
BE;2820;Rijmenam;Rijmenam
BE;2830;Blaasveld;Blaasveld
BE;2830;Heindonk;Heindonk
BE;2830;Tisselt;Tisselt
BE;2830;WILLEBROEK;WILLEBROEK
BE;2840;Reet;Reet
BE;2840;RUMST;RUMST
BE;2840;Terhagen;Terhagen
BE;2845;NIEL;NIEL
BE;2850;BOOM;BOOM
BE;2860;SINT-KATELIJNE-WAVER;SINT-KATELIJNE-WAVER
BE;2861;Onze-Lieve-Vrouw-Waver;Onze-Lieve-Vrouw-Waver
BE;2870;Breendonk;Breendonk
BE;2870;Liezele;Liezele
BE;2870;PUURS;PUURS
BE;2870;Ruisbroek;Ruisbroek
BE;2880;BORNEM;BORNEM
BE;2880;Hingene;Hingene
BE;2880;Mariekerke;Mariekerke
BE;2880;Weert;Weert
BE;2890;Lippelo;Lippelo
BE;2890;Oppuurs;Oppuurs
BE;2890;SINT-AMANDS;SINT-AMANDS
BE;2900;SCHOTEN;SCHOTEN
BE;2910;ESSEN;ESSEN
BE;2920;KALMTHOUT;KALMTHOUT
BE;2930;BRASSCHAAT;BRASSCHAAT
BE;2940;Hoevenen;Hoevenen
BE;2940;STABROEK;STABROEK
BE;2950;KAPELLEN;KAPELLEN
BE;2960;BRECHT;BRECHT
BE;2960;Sint-Job-In-'T-Goor;Sint-Job-In-'T-Goor
BE;2960;Sint-Lenaarts;Sint-Lenaarts
BE;2970;'S Gravenwezel;'S Gravenwezel
BE;2970;SCHILDE;SCHILDE
BE;2980;Halle;Halle
BE;2980;ZOERSEL;ZOERSEL
BE;2990;Loenhout;Loenhout
BE;2990;WUUSTWEZEL;WUUSTWEZEL
BE;3000;LEUVEN;LEUVEN
BE;3001;Heverlee;Heverlee
BE;3010;Kessel Lo;Kessel Lo
BE;3012;Wilsele;Wilsele
BE;3018;Wijgmaal;Wijgmaal
BE;3020;HERENT;HERENT
BE;3020;Veltem-Beisem;Veltem-Beisem
BE;3020;Winksele;Winksele
BE;3040;HULDENBERG;HULDENBERG
BE;3040;Loonbeek;Loonbeek
BE;3040;Neerijse;Neerijse
BE;3040;Ottenburg;Ottenburg
BE;3040;Sint-Agatha-Rode;Sint-Agatha-Rode
BE;3050;OUD-HEVERLEE;OUD-HEVERLEE
BE;3051;Sint-Joris-Weert;Sint-Joris-Weert
BE;3052;Blanden;Blanden
BE;3053;Haasrode;Haasrode
BE;3054;Vaalbeek;Vaalbeek
BE;3060;BERTEM;BERTEM
BE;3060;Korbeek-Dijle;Korbeek-Dijle
BE;3061;Leefdaal;Leefdaal
BE;3070;KORTENBERG;KORTENBERG
BE;3071;Erps-Kwerps;Erps-Kwerps
BE;3078;Everberg;Everberg
BE;3078;Meerbeek;Meerbeek
BE;3080;Duisburg;Duisburg
BE;3080;TERVUREN;TERVUREN
BE;3080;Vossem;Vossem
BE;3090;OVERIJSE;OVERIJSE
BE;3110;ROTSELAAR;ROTSELAAR
BE;3111;Wezemaal;Wezemaal
BE;3118;Werchter;Werchter
BE;3120;TREMELO;TREMELO
BE;3128;Baal;Baal
BE;3130;BEGIJNENDIJK;BEGIJNENDIJK
BE;3130;Betekom;Betekom
BE;3140;KEERBERGEN;KEERBERGEN
BE;3150;HAACHT;HAACHT
BE;3150;Tildonk;Tildonk
BE;3150;Wespelaar;Wespelaar
BE;3190;BOORTMEERBEEK;BOORTMEERBEEK
BE;3191;Hever;Hever
BE;3200;AARSCHOT;AARSCHOT
BE;3200;Gelrode;Gelrode
BE;3201;Langdorp;Langdorp
BE;3202;Rillaar;Rillaar
BE;3210;Linden;Linden
BE;3210;LUBBEEK;LUBBEEK
BE;3211;Binkom;Binkom
BE;3212;Pellenberg;Pellenberg
BE;3220;HOLSBEEK;HOLSBEEK
BE;3220;Kortrijk-Dutsel;Kortrijk-Dutsel
BE;3220;Sint-Pieters-Rode;Sint-Pieters-Rode
BE;3221;Nieuwrode;Nieuwrode
BE;3270;Scherpenheuvel;Scherpenheuvel
BE;3270;SCHERPENHEUVEL-ZICHEM;SCHERPENHEUVEL-ZICHEM
BE;3271;Averbode;Averbode
BE;3271;Zichem;Zichem
BE;3272;Messelbroek;Messelbroek
BE;3272;Testelt;Testelt
BE;3290;Deurne;Deurne
BE;3290;DIEST;DIEST
BE;3290;Schaffen;Schaffen
BE;3290;Webbekom;Webbekom
BE;3293;Kaggevinne;Kaggevinne
BE;3294;Molenstede;Molenstede
BE;3300;Bost;Bost
BE;3300;Goetsenhoven;Goetsenhoven
BE;3300;Hakendover;Hakendover
BE;3300;Kumtich;Kumtich
BE;3300;Oorbeek;Oorbeek
BE;3300;Oplinter;Oplinter
BE;3300;Sint-Margriete-Houtem;Sint-Margriete-Houtem
BE;3300;TIENEN;TIENEN
BE;3300;Vissenaken;Vissenaken
BE;3320;HOEGAARDEN;HOEGAARDEN
BE;3320;Meldert;Meldert
BE;3321;Outgaarden;Outgaarden
BE;3350;Drieslinter;Drieslinter
BE;3350;LINTER;LINTER
BE;3350;Melkwezer;Melkwezer
BE;3350;Neerhespen;Neerhespen
BE;3350;Neerlinter;Neerlinter
BE;3350;Orsmaal-Gussenhoven;Orsmaal-Gussenhoven
BE;3350;Overhespen;Overhespen
BE;3350;Wommersom;Wommersom
BE;3360;BIERBEEK;BIERBEEK
BE;3360;Korbeek-Lo;Korbeek-Lo
BE;3360;Lovenjoel;Lovenjoel
BE;3360;Opvelp;Opvelp
BE;3370;BOUTERSEM;BOUTERSEM
BE;3370;Kerkom;Kerkom
BE;3370;Neervelp;Neervelp
BE;3370;Roosbeek;Roosbeek
BE;3370;Vertrijk;Vertrijk
BE;3370;Willebringen;Willebringen
BE;3380;Bunsbeek;Bunsbeek
BE;3380;GLABBEEK;GLABBEEK
BE;3381;Kapellen;Kapellen
BE;3384;Attenrode;Attenrode
BE;3390;Houwaart;Houwaart
BE;3390;Sint-Joris-Winge;Sint-Joris-Winge
BE;3390;Tielt;Tielt
BE;3390;TIELT-WINGE;TIELT-WINGE
BE;3391;Meensel-Kiezegem;Meensel-Kiezegem
BE;3400;Eliksem;Eliksem
BE;3400;Ezemaal;Ezemaal
BE;3400;Laar;Laar
BE;3400;LANDEN;LANDEN
BE;3400;Neerwinden;Neerwinden
BE;3400;Overwinden;Overwinden
BE;3400;Rumsdorp;Rumsdorp
BE;3400;Wange;Wange
BE;3401;Waasmont;Waasmont
BE;3401;Walsbets;Walsbets
BE;3401;Walshoutem;Walshoutem
BE;3401;Wezeren;Wezeren
BE;3404;Attenhoven;Attenhoven
BE;3404;Neerlanden;Neerlanden
BE;3440;Budingen;Budingen
BE;3440;Dormaal;Dormaal
BE;3440;Halle-Booienhoven;Halle-Booienhoven
BE;3440;Helen-Bos;Helen-Bos
BE;3440;ZOUTLEEUW;ZOUTLEEUW
BE;3450;GEETBETS;GEETBETS
BE;3450;Grazen;Grazen
BE;3454;Rummen;Rummen
BE;3460;Assent;Assent
BE;3460;BEKKEVOORT;BEKKEVOORT
BE;3461;Molenbeek-Wersbeek;Molenbeek-Wersbeek
BE;3470;KORTENAKEN;KORTENAKEN
BE;3470;Ransberg;Ransberg
BE;3470;Sint-Margriete-Houtem;Sint-Margriete-Houtem
BE;3471;Hoeleden;Hoeleden
BE;3472;Kersbeek-Miskom;Kersbeek-Miskom
BE;3473;Waanrode;Waanrode
BE;3500;HASSELT;HASSELT
BE;3500;Sint-Lambrechts-Herk;Sint-Lambrechts-Herk
BE;3501;Wimmertingen;Wimmertingen
BE;3510;Kermt;Kermt
BE;3510;Spalbeek;Spalbeek
BE;3511;Kuringen;Kuringen
BE;3511;Stokrooie;Stokrooie
BE;3512;Stevoort;Stevoort
BE;3520;ZONHOVEN;ZONHOVEN
BE;3530;Helchteren;Helchteren
BE;3530;Houthalen;Houthalen
BE;3530;HOUTHALEN-HELCHTEREN;HOUTHALEN-HELCHTEREN
BE;3540;Berbroek;Berbroek
BE;3540;Donk;Donk
BE;3540;HERK-DE-STAD;HERK-DE-STAD
BE;3540;Schulen;Schulen
BE;3545;HALEN;HALEN
BE;3545;Loksbergen;Loksbergen
BE;3545;Zelem;Zelem
BE;3550;Heusden;Heusden
BE;3550;HEUSDEN-ZOLDER;HEUSDEN-ZOLDER
BE;3550;Zolder;Zolder
BE;3560;Linkhout;Linkhout
BE;3560;LUMMEN;LUMMEN
BE;3560;Meldert;Meldert
BE;3570;ALKEN;ALKEN
BE;3580;BERINGEN;BERINGEN
BE;3581;Beverlo;Beverlo
BE;3582;Koersel;Koersel
BE;3583;Paal;Paal
BE;3590;DIEPENBEEK;DIEPENBEEK
BE;3600;GENK;GENK
BE;3620;Gellik;Gellik
BE;3620;LANAKEN;LANAKEN
BE;3620;Neerharen;Neerharen
BE;3620;Veldwezelt;Veldwezelt
BE;3621;Rekem;Rekem
BE;3630;Eisden;Eisden
BE;3630;Leut;Leut
BE;3630;MAASMECHELEN;MAASMECHELEN
BE;3630;Mechelen-Aan-De-Maas;Mechelen-Aan-De-Maas
BE;3630;Meeswijk;Meeswijk
BE;3630;Opgrimbie;Opgrimbie
BE;3630;Vucht;Vucht
BE;3631;Boorsem;Boorsem
BE;3631;Uikhoven;Uikhoven
BE;3640;Kessenich;Kessenich
BE;3640;KINROOI;KINROOI
BE;3640;Molenbeersel;Molenbeersel
BE;3640;Ophoven;Ophoven
BE;3650;Dilsen;Dilsen
BE;3650;DILSEN-STOKKEM;DILSEN-STOKKEM
BE;3650;Elen;Elen
BE;3650;Lanklaar;Lanklaar
BE;3650;Rotem;Rotem
BE;3650;Stokkem;Stokkem
BE;3660;OPGLABBEEK;OPGLABBEEK
BE;3665;AS;AS
BE;3668;Niel-Bij-As;Niel-Bij-As
BE;3670;Ellikom;Ellikom
BE;3670;Gruitrode;Gruitrode
BE;3670;Meeuwen;Meeuwen
BE;3670;MEEUWEN-GRUITRODE;MEEUWEN-GRUITRODE
BE;3670;Neerglabbeek;Neerglabbeek
BE;3670;Wijshagen;Wijshagen
BE;3680;MAASEIK;MAASEIK
BE;3680;Neeroeteren;Neeroeteren
BE;3680;Opoeteren;Opoeteren
BE;3690;ZUTENDAAL;ZUTENDAAL
BE;3700;'S Herenelderen;'S Herenelderen
BE;3700;Berg;Berg
BE;3700;Diets-Heur;Diets-Heur
BE;3700;Haren;Haren
BE;3700;Henis;Henis
BE;3700;Kolmont;Kolmont
BE;3700;Koninksem;Koninksem
BE;3700;Lauw;Lauw
BE;3700;Mal;Mal
BE;3700;Neerrepen;Neerrepen
BE;3700;Nerem;Nerem
BE;3700;Overrepen;Overrepen
BE;3700;Piringen;Piringen
BE;3700;Riksingen;Riksingen
BE;3700;Rutten;Rutten
BE;3700;Sluizen;Sluizen
BE;3700;TONGEREN;TONGEREN
BE;3700;Vreren;Vreren
BE;3700;Widooie;Widooie
BE;3717;HERSTAPPE;HERSTAPPE
BE;3720;KORTESSEM;KORTESSEM
BE;3721;Vliermaalroot;Vliermaalroot
BE;3722;Wintershoven;Wintershoven
BE;3723;Guigoven;Guigoven
BE;3724;Vliermaal;Vliermaal
BE;3730;HOESELT;HOESELT
BE;3730;Romershoven;Romershoven
BE;3730;Sint-Huibrechts-Hern;Sint-Huibrechts-Hern
BE;3730;Werm;Werm
BE;3732;Schalkhoven;Schalkhoven
BE;3740;Beverst;Beverst
BE;3740;BILZEN;BILZEN
BE;3740;Eigenbilzen;Eigenbilzen
BE;3740;Grote-Spouwen;Grote-Spouwen
BE;3740;Hees;Hees
BE;3740;Kleine-Spouwen;Kleine-Spouwen
BE;3740;Mopertingen;Mopertingen
BE;3740;Munsterbilzen;Munsterbilzen
BE;3740;Rijkhoven;Rijkhoven
BE;3740;Rosmeer;Rosmeer
BE;3740;Waltwilder;Waltwilder
BE;3742;Martenslinde;Martenslinde
BE;3746;Hoelbeek;Hoelbeek
BE;3770;Genoelselderen;Genoelselderen
BE;3770;Herderen;Herderen
BE;3770;Kanne;Kanne
BE;3770;Membruggen;Membruggen
BE;3770;Millen;Millen
BE;3770;RIEMST;RIEMST
BE;3770;Val-Meer;Val-Meer
BE;3770;Vlijtingen;Vlijtingen
BE;3770;Vroenhoven;Vroenhoven
BE;3770;Zichen-Zussen-Bolder;Zichen-Zussen-Bolder
BE;3790;Fouron-Saint-Martin;Moelingen
BE;3790;FOURONS;Sint-Martens-Voeren
BE;3790;Mouland;VOEREN
BE;3791;Remersdaal;Remersdaal
BE;3792;Fouron-Saint-Pierre;Sint-Pieters-Voeren
BE;3793;Teuven;Teuven
BE;3798;Fouron-Le-Comte;S Gravenvoeren
BE;3800;Aalst;Aalst
BE;3800;Brustem;Brustem
BE;3800;Engelmanshoven;Engelmanshoven
BE;3800;Gelinden;Gelinden
BE;3800;Groot-Gelmen;Groot-Gelmen
BE;3800;Halmaal;Halmaal
BE;3800;Kerkom-Bij-Sint-Truiden;Kerkom-Bij-Sint-Truiden
BE;3800;Ordingen;Ordingen
BE;3800;SINT-TRUIDEN;SINT-TRUIDEN
BE;3800;Zepperen;Zepperen
BE;3803;Duras;Duras
BE;3803;Gorsem;Gorsem
BE;3803;Runkelen;Runkelen
BE;3803;Wilderen;Wilderen
BE;3806;Velm;Velm
BE;3830;Berlingen;Berlingen
BE;3830;WELLEN;WELLEN
BE;3831;Herten;Herten
BE;3832;Ulbeek;Ulbeek
BE;3840;Bommershoven;Bommershoven
BE;3840;BORGLOON;BORGLOON
BE;3840;Broekom;Broekom
BE;3840;Gors-Opleeuw;Gors-Opleeuw
BE;3840;Gotem;Gotem
BE;3840;Groot-Loon;Groot-Loon
BE;3840;Haren;Haren
BE;3840;Hendrieken;Hendrieken
BE;3840;Hoepertingen;Hoepertingen
BE;3840;Jesseren;Jesseren
BE;3840;Kerniel;Kerniel
BE;3840;Kolmont;Kolmont
BE;3840;Kuttekoven;Kuttekoven
BE;3840;Rijkel;Rijkel
BE;3840;Voort;Voort
BE;3850;Binderveld;Binderveld
BE;3850;Kozen;Kozen
BE;3850;NIEUWERKERKEN;NIEUWERKERKEN
BE;3850;Wijer;Wijer
BE;3870;Batsheers;Batsheers
BE;3870;Bovelingen;Bovelingen
BE;3870;Gutshoven;Gutshoven
BE;3870;HEERS;HEERS
BE;3870;Heks;Heks
BE;3870;Horpmaal;Horpmaal
BE;3870;Klein-Gelmen;Klein-Gelmen
BE;3870;Mechelen-Bovelingen;Mechelen-Bovelingen
BE;3870;Mettekoven;Mettekoven
BE;3870;Opheers;Opheers
BE;3870;Rukkelingen-Loon;Rukkelingen-Loon
BE;3870;Vechmaal;Vechmaal
BE;3870;Veulen;Veulen
BE;3890;Boekhout;Boekhout
BE;3890;GINGELOM;GINGELOM
BE;3890;Jeuk;Jeuk
BE;3890;Kortijs;Kortijs
BE;3890;Montenaken;Montenaken
BE;3890;Niel-Bij-Sint-Truiden;Niel-Bij-Sint-Truiden
BE;3890;Vorsen;Vorsen
BE;3891;Borlo;Borlo
BE;3891;Buvingen;Buvingen
BE;3891;Mielen-Boven-Aalst;Mielen-Boven-Aalst
BE;3891;Muizen;Muizen
BE;3900;OVERPELT;OVERPELT
BE;3910;NEERPELT;NEERPELT
BE;3910;Sint-Huibrechts-Lille;Sint-Huibrechts-Lille
BE;3920;LOMMEL;LOMMEL
BE;3930;Achel;Achel
BE;3930;Hamont;Hamont
BE;3930;HAMONT-ACHEL;HAMONT-ACHEL
BE;3940;Hechtel;Hechtel
BE;3940;HECHTEL-EKSEL;HECHTEL-EKSEL
BE;3941;Eksel;Eksel
BE;3945;HAM;HAM
BE;3945;Kwaadmechelen;Kwaadmechelen
BE;3945;Oostham;Oostham
BE;3950;BOCHOLT;BOCHOLT
BE;3950;Kaulille;Kaulille
BE;3950;Reppel;Reppel
BE;3960;Beek;Beek
BE;3960;BREE;BREE
BE;3960;Gerdingen;Gerdingen
BE;3960;Opitter;Opitter
BE;3960;Tongerlo;Tongerlo
BE;3970;LEOPOLDSBURG;LEOPOLDSBURG
BE;3971;Heppen;Heppen
BE;3980;TESSENDERLO;TESSENDERLO
BE;3990;Grote-Brogel;Grote-Brogel
BE;3990;Kleine-Brogel;Kleine-Brogel
BE;3990;PEER;PEER
BE;3990;Wijchmaal;Wijchmaal
BE;4000;Glain;Glain
BE;4000;LIÈGE;LIÈGE
BE;4000;Rocourt;Rocourt
BE;4020;Bressoux;Bressoux
BE;4020;Jupille-Sur-Meuse;Jupille-Sur-Meuse
BE;4020;LIÈGE;LIÈGE
BE;4020;Wandre;Wandre
BE;4030;Grivegnee;Grivegnee
BE;4031;Angleur;Angleur
BE;4032;Chênee;Chênee
BE;4040;HERSTAL;HERSTAL
BE;4041;Milmort;Milmort
BE;4041;Vottem;Vottem
BE;4042;Liers;Liers
BE;4050;CHAUDFONTAINE;CHAUDFONTAINE
BE;4051;Vaux-Sous-Chèvremont;Vaux-Sous-Chèvremont
BE;4052;Beaufays;Beaufays
BE;4053;Embourg;Embourg
BE;4075;CSM Liege X;CSM Liege X
BE;4099;Liège X;Liège X
BE;4100;Boncelles;Boncelles
BE;4100;SERAING;SERAING
BE;4101;Jemeppe-Sur-Meuse;Jemeppe-Sur-Meuse
BE;4102;Ougrée;Ougrée
BE;4120;Ehein;Ehein
BE;4120;NEUPRÉ;NEUPRÉ
BE;4120;Rotheux-Rimière;Rotheux-Rimière
BE;4121;Neuville-En-Condroz;Neuville-En-Condroz
BE;4122;Plainevaux;Plainevaux
BE;4130;ESNEUX;ESNEUX
BE;4130;Tilff;Tilff
BE;4140;Dolembreux;Dolembreux
BE;4140;Gomzé-Andoumont;Gomzé-Andoumont
BE;4140;Rouvreux;Rouvreux
BE;4140;SPRIMONT;SPRIMONT
BE;4141;Louveigné;Louveigné
BE;4160;ANTHISNES;ANTHISNES
BE;4161;Villers-Aux-Tours;Villers-Aux-Tours
BE;4162;Hody;Hody
BE;4163;Tavier;Tavier
BE;4170;COMBLAIN-AU-PONT;COMBLAIN-AU-PONT
BE;4171;Poulseur;Poulseur
BE;4180;Comblain-Fairon;Comblain-Fairon
BE;4180;Comblain-La-Tour;Comblain-La-Tour
BE;4180;HAMOIR;HAMOIR
BE;4181;Filot;Filot
BE;4190;FERRIÈRES;FERRIÈRES
BE;4190;My;My
BE;4190;Vieuxville;Vieuxville
BE;4190;Werbomont;Werbomont
BE;4190;Xhoris;Xhoris
BE;4210;BURDINNE;BURDINNE
BE;4210;Hannêche;Hannêche
BE;4210;Lamontzée;Lamontzée
BE;4210;Marneffe;Marneffe
BE;4210;Oteppe;Oteppe
BE;4217;HÉRON;HÉRON
BE;4217;Lavoir;Lavoir
BE;4217;Waret-L'Evêque;Waret-L'Evêque
BE;4218;Couthuin;Couthuin
BE;4219;Acosse;Acosse
BE;4219;Ambresin;Ambresin
BE;4219;Meeffe;Meeffe
BE;4219;WASSEIGES;WASSEIGES
BE;4250;Boëlhe;Boëlhe
BE;4250;GEER;GEER
BE;4250;Hollogne-Sur-Geer;Hollogne-Sur-Geer
BE;4250;Lens-Saint-Servais;Lens-Saint-Servais
BE;4252;Omal;Omal
BE;4253;Darion;Darion
BE;4254;Ligney;Ligney
BE;4257;BERLOZ;BERLOZ
BE;4257;Corswarem;Corswarem
BE;4257;Rosoux-Crenwick;Rosoux-Crenwick
BE;4260;Avennes;Avennes
BE;4260;BRAIVES;BRAIVES
BE;4260;Ciplet;Ciplet
BE;4260;Fallais;Fallais
BE;4260;Fumal;Fumal
BE;4260;Ville-En-Hesbaye;Ville-En-Hesbaye
BE;4261;Latinne;Latinne
BE;4263;Tourinne;Tourinne
BE;4280;Abolens;Abolens
BE;4280;Avernas-Le-Bauduin;Avernas-Le-Bauduin
BE;4280;Avin;Avin
BE;4280;Bertrée;Bertrée
BE;4280;Blehen;Blehen
BE;4280;Cras-Avernas;Cras-Avernas
BE;4280;Crehen;Crehen
BE;4280;Grand-Hallet;Grand-Hallet
BE;4280;HANNUT;HANNUT
BE;4280;Lens-Saint-Remy;Lens-Saint-Remy
BE;4280;Merdorp;Merdorp
BE;4280;Moxhe;Moxhe
BE;4280;Petit-Hallet;Petit-Hallet
BE;4280;Poucet;Poucet
BE;4280;Thisnes;Thisnes
BE;4280;Trognée;Trognée
BE;4280;Villers-Le-Peuplier;Villers-Le-Peuplier
BE;4280;Wansin;Wansin
BE;4287;LINCENT;LINCENT
BE;4287;Pellaines;Pellaines
BE;4287;Racour;Racour
BE;4300;Bettincourt;Bettincourt
BE;4300;Bleret;Bleret
BE;4300;Bovenistier;Bovenistier
BE;4300;Grand-Axhe;Grand-Axhe
BE;4300;Lantremange;Lantremange
BE;4300;Oleye;Oleye
BE;4300;WAREMME;WAREMME
BE;4317;Aineffe;Aineffe
BE;4317;Borlez;Borlez
BE;4317;Celles;Celles
BE;4317;FAIMES;FAIMES
BE;4317;Les Waleffes;Les Waleffes
BE;4317;Viemme;Viemme
BE;4340;AWANS;AWANS
BE;4340;Fooz;Fooz
BE;4340;Othée;Othée
BE;4340;Villers-L'Evêque;Villers-L'Evêque
BE;4342;Hognoul;Hognoul
BE;4347;FEXHE-LE-HAUT-CLOCHER;FEXHE-LE-HAUT-CLOCHER
BE;4347;Freloux;Freloux
BE;4347;Noville;Noville
BE;4347;Roloux;Roloux
BE;4347;Voroux-Goreux;Voroux-Goreux
BE;4350;Lamine;Lamine
BE;4350;Momalle;Momalle
BE;4350;Pousset;Pousset
BE;4350;REMICOURT;REMICOURT
BE;4351;Hodeige;Hodeige
BE;4357;DONCEEL;DONCEEL
BE;4357;Haneffe;Haneffe
BE;4357;Jeneffe;Jeneffe
BE;4357;Limont;Limont
BE;4360;Bergilers;Bergilers
BE;4360;Grandville;Grandville
BE;4360;Lens-Sur-Geer;Lens-Sur-Geer
BE;4360;OREYE;OREYE
BE;4360;Otrange;Otrange
BE;4367;CRISNÉE;CRISNÉE
BE;4367;Fize-Le-Marsal;Fize-Le-Marsal
BE;4367;Kemexhe;Kemexhe
BE;4367;Odeur;Odeur
BE;4367;Thys;Thys
BE;4400;Awirs;Awirs
BE;4400;Chokier;Chokier
BE;4400;FLÉMALLE;FLÉMALLE
BE;4400;Flémalle-Grande;Flémalle-Grande
BE;4400;Flémalle-Haute;Flémalle-Haute
BE;4400;Gleixhe;Gleixhe
BE;4400;Ivoz-Ramet;Ivoz-Ramet
BE;4400;Mons-Lez-Liège;Mons-Lez-Liège
BE;4420;Montegnée;Montegnée
BE;4420;SAINT-NICOLAS;SAINT-NICOLAS
BE;4420;Tilleur;Tilleur
BE;4430;ANS;ANS
BE;4431;Loncin;Loncin
BE;4432;Alleur;Alleur
BE;4432;Xhendremael;Xhendremael
BE;4450;JUPRELLE;JUPRELLE
BE;4450;Lantin;Lantin
BE;4450;Slins;Slins
BE;4451;Voroux-Lez-Liers;Voroux-Lez-Liers
BE;4452;Paifve;Paifve
BE;4452;Wihogne;Wihogne
BE;4453;Villers-Saint-Siméon;Villers-Saint-Siméon
BE;4458;Fexhe-Slins;Fexhe-Slins
BE;4460;Bierset;Bierset
BE;4460;Grâce-Berleur;Grâce-Berleur
BE;4460;GRÂCE-HOLLOGNE;GRÂCE-HOLLOGNE
BE;4460;Hollogne-Aux-Pierres;Hollogne-Aux-Pierres
BE;4460;Horion-Hozémont;Horion-Hozémont
BE;4460;Velroux;Velroux
BE;4470;SAINT-GEORGES-SUR-MEUSE;SAINT-GEORGES-SUR-MEUSE
BE;4480;Clermont-Sous-Huy;Clermont-Sous-Huy
BE;4480;Ehein;Ehein
BE;4480;ENGIS;ENGIS
BE;4480;Hermalle-Sous-Huy;Hermalle-Sous-Huy
BE;4500;Ben-Ahin;Ben-Ahin
BE;4500;HUY;HUY
BE;4500;Tihange;Tihange
BE;4520;Antheit;Antheit
BE;4520;Bas-Oha;Bas-Oha
BE;4520;Huccorgne;Huccorgne
BE;4520;Moha;Moha
BE;4520;Vinalmont;Vinalmont
BE;4520;WANZE;WANZE
BE;4530;Fize-Fontaine;Fize-Fontaine
BE;4530;Vaux-Et-Borset;Vaux-Et-Borset
BE;4530;Vieux-Waleffe;Vieux-Waleffe
BE;4530;VILLERS-LE-BOUILLET;VILLERS-LE-BOUILLET
BE;4530;Warnant-Dreye;Warnant-Dreye
BE;4537;Bodegnée;Bodegnée
BE;4537;Chapon-Seraing;Chapon-Seraing
BE;4537;Seraing-Le-Château;Seraing-Le-Château
BE;4537;VERLAINE;VERLAINE
BE;4540;AMAY;AMAY
BE;4540;Ampsin;Ampsin
BE;4540;Flône;Flône
BE;4540;Jehay;Jehay
BE;4540;Ombret;Ombret
BE;4550;NANDRIN;NANDRIN
BE;4550;Saint-Séverin;Saint-Séverin
BE;4550;Villers-Le-Temple;Villers-Le-Temple
BE;4550;Yernée-Fraineux;Yernée-Fraineux
BE;4557;Abée;Abée
BE;4557;Fraiture;Fraiture
BE;4557;Ramelot;Ramelot
BE;4557;Seny;Seny
BE;4557;Soheit-Tinlot;Soheit-Tinlot
BE;4557;TINLOT;TINLOT
BE;4560;Bois-Et-Borsu;Bois-Et-Borsu
BE;4560;CLAVIER;CLAVIER
BE;4560;Les Avins;Les Avins
BE;4560;Ocquier;Ocquier
BE;4560;Pailhe;Pailhe
BE;4560;Terwagne;Terwagne
BE;4570;MARCHIN;MARCHIN
BE;4570;Vyle-Et-Tharoul;Vyle-Et-Tharoul
BE;4577;MODAVE;MODAVE
BE;4577;Outrelouxhe;Outrelouxhe
BE;4577;Strée-Lez-Huy;Strée-Lez-Huy
BE;4577;Vierset-Barse;Vierset-Barse
BE;4590;Ellemelle;Ellemelle
BE;4590;OUFFET;OUFFET
BE;4590;Warzée;Warzée
BE;4600;Lanaye;Lanaye
BE;4600;Lixhe;Lixhe
BE;4600;Richelle;Richelle
BE;4600;VISÉ;VISÉ
BE;4601;Argenteau;Argenteau
BE;4602;Cheratte;Cheratte
BE;4606;Saint-André;Saint-André
BE;4607;Berneau;Berneau
BE;4607;Bombaye;Bombaye
BE;4607;DALHEM;DALHEM
BE;4607;Feneur;Feneur
BE;4607;Mortroux;Mortroux
BE;4608;Neufchâteau;Neufchâteau
BE;4608;Warsage;Warsage
BE;4610;Bellaire;Bellaire
BE;4610;BEYNE-HEUSAY;BEYNE-HEUSAY
BE;4610;Queue-Du-Bois;Queue-Du-Bois
BE;4620;FLÉRON;FLÉRON
BE;4621;Retinne;Retinne
BE;4623;Magnée;Magnée
BE;4624;Romsée;Romsée
BE;4630;Ayeneux;Ayeneux
BE;4630;Micheroux;Micheroux
BE;4630;SOUMAGNE;SOUMAGNE
BE;4630;Tignée;Tignée
BE;4631;Evegnée;Evegnée
BE;4632;Cérexhe-Heuseux;Cérexhe-Heuseux
BE;4633;Melen;Melen
BE;4650;Chaineux;Chaineux
BE;4650;Grand-Rechain;Grand-Rechain
BE;4650;HERVE;HERVE
BE;4650;Julémont;Julémont
BE;4651;Battice;Battice
BE;4652;Xhendelesse;Xhendelesse
BE;4653;Bolland;Bolland
BE;4654;Charneux;Charneux
BE;4670;BLÉGNY;BLÉGNY
BE;4670;Mortier;Mortier
BE;4670;Trembleur;Trembleur
BE;4671;Barchon;Barchon
BE;4671;Housse;Housse
BE;4671;Saive;Saive
BE;4672;Saint-Remy;Saint-Remy
BE;4680;Hermée;Hermée
BE;4680;OUPEYE;OUPEYE
BE;4681;Hermalle-Sous-Argenteau;Hermalle-Sous-Argenteau
BE;4682;Heure-Le-Romain;Heure-Le-Romain
BE;4682;Houtain-Saint-Siméon;Houtain-Saint-Siméon
BE;4683;Vivegnis;Vivegnis
BE;4684;Haccourt;Haccourt
BE;4690;BASSENGE;BASSENGE
BE;4690;Boirs;Boirs
BE;4690;Eben-Emael;Eben-Emael
BE;4690;Glons;Glons
BE;4690;Roclenge-Sur-Geer;Roclenge-Sur-Geer
BE;4690;Wonck;Wonck
BE;4700;EUPEN;EUPEN
BE;4701;Kettenis;Kettenis
BE;4710;LONTZEN;LONTZEN
BE;4711;Walhorn;Walhorn
BE;4720;LA CALAMINE;KELMIS
BE;4721;Neu-Moresnet;Neu-Moresnet
BE;4728;Hergenrath;Hergenrath
BE;4730;Hauset;Hauset
BE;4730;RAEREN;RAEREN
BE;4731;Eynatten;Eynatten
BE;4750;BUTGENBACH;BUTGENBACH
BE;4750;Elsenborn;Elsenborn
BE;4760;BULLANGE;BÜLLINGEN
BE;4760;Manderfeld;Manderfeld
BE;4761;Rocherath;Rocherath
BE;4770;AMBLÈVE;AMEL
BE;4770;Meyerode;Meyerode
BE;4771;Heppenbach;Heppenbach
BE;4780;Recht;Recht
BE;4780;SAINT-VITH;SANKT-VITH
BE;4782;Schoenberg;Schönberg
BE;4783;Lommersweiler;Lommersweiler
BE;4784;Crombach;Crombach
BE;4790;BURG-REULAND;BURG-REULAND
BE;4790;Reuland;Reuland
BE;4791;Thommen;Thommen
BE;4800;Ensival;Ensival
BE;4800;Lambermont;Lambermont
BE;4800;Petit-Rechain;Petit-Rechain
BE;4800;Polleur;Polleur
BE;4800;VERVIERS;VERVIERS
BE;4801;Stembert;Stembert
BE;4802;Heusy;Heusy
BE;4820;DISON;DISON
BE;4821;Andrimont;Andrimont
BE;4830;LIMBOURG;LIMBOURG
BE;4831;Bilstain;Bilstain
BE;4834;Goé;Goé
BE;4837;BAELEN;BAELEN
BE;4837;Membach;Membach
BE;4840;WELKENRAEDT;WELKENRAEDT
BE;4841;Henri-Chapelle;Henri-Chapelle
BE;4845;JALHAY;JALHAY
BE;4845;Sart-Lez-Spa;Sart-Lez-Spa
BE;4850;Montzen;Montzen
BE;4850;Moresnet;Moresnet
BE;4850;PLOMBIÈRES;PLOMBIÈRES
BE;4851;Gemmenich;Gemmenich
BE;4851;Sippenaeken;Sippenaeken
BE;4852;Hombourg;Hombourg
BE;4860;Cornesse;Cornesse
BE;4860;PEPINSTER;PEPINSTER
BE;4860;Wegnez;Wegnez
BE;4861;Soiron;Soiron
BE;4870;Forêt;Forêt
BE;4870;Fraipont;Fraipont
BE;4870;Nessonvaux;Nessonvaux
BE;4870;TROOZ;TROOZ
BE;4877;OLNE;OLNE
BE;4880;AUBEL;AUBEL
BE;4890;Clermont;Clermont
BE;4890;Thimister;Thimister
BE;4890;THIMISTER-CLERMONT;THIMISTER-CLERMONT
BE;4900;SPA;SPA
BE;4910;La Reid;La Reid
BE;4910;Polleur;Polleur
BE;4910;THEUX;THEUX
BE;4920;AYWAILLE;AYWAILLE
BE;4920;Ernonheid;Ernonheid
BE;4920;Harzé;Harzé
BE;4920;Louveigné;Louveigné
BE;4920;Sougné-Remouchamps;Sougné-Remouchamps
BE;4950;Faymonville;Faymonville
BE;4950;Robertville;Robertville
BE;4950;Sourbrodt;Sourbrodt
BE;4950;WAIMES;WEISMES
BE;4960;Bellevaux-Ligneuville;Bellevaux-Ligneuville
BE;4960;Bevercé;Bevercé
BE;4960;MALMEDY;MALMEDY
BE;4970;Francorchamps;Francorchamps
BE;4970;STAVELOT;STAVELOT
BE;4980;Fosse;Fosse
BE;4980;TROIS-PONTS;TROIS-PONTS
BE;4980;Wanne;Wanne
BE;4983;Basse-Bodeux;Basse-Bodeux
BE;4987;Chevron;Chevron
BE;4987;La Gleize;La Gleize
BE;4987;Lorcé;Lorcé
BE;4987;Rahier;Rahier
BE;4987;STOUMONT;STOUMONT
BE;4990;Arbrefontaine;Arbrefontaine
BE;4990;Bra;Bra
BE;4990;LIERNEUX;LIERNEUX
BE;5000;Beez;Beez
BE;5000;NAMUR;NAMUR
BE;5001;Belgrade;Belgrade
BE;5002;Saint-Servais;Saint-Servais
BE;5003;Saint-Marc;Saint-Marc
BE;5004;Bouge;Bouge
BE;5010;SA SudPresse;SA SudPresse
BE;5012;Parlement Wallon;Parlement Wallon
BE;5020;Champion;Champion
BE;5020;Daussoulx;Daussoulx
BE;5020;Flawinne;Flawinne
BE;5020;Malonne;Malonne
BE;5020;Suarlée;Suarlée
BE;5020;Temploux;Temploux
BE;5020;Vedrin;Vedrin
BE;5021;Boninne;Boninne
BE;5022;Cognelée;Cognelée
BE;5024;Gelbressée;Gelbressée
BE;5024;Marche-Les-Dames;Marche-Les-Dames
BE;5030;Beuzet;Beuzet
BE;5030;Ernage;Ernage
BE;5030;GEMBLOUX;GEMBLOUX
BE;5030;Grand-Manil;Grand-Manil
BE;5030;Lonzée;Lonzée
BE;5030;Sauvenière;Sauvenière
BE;5031;Grand-Leez;Grand-Leez
BE;5032;Bossière;Bossière
BE;5032;Bothey;Bothey
BE;5032;Corroy-Le-Château;Corroy-Le-Château
BE;5032;Isnes;Isnes
BE;5032;Mazy;Mazy
BE;5060;Arsimont;Arsimont
BE;5060;Auvelais;Auvelais
BE;5060;Falisolle;Falisolle
BE;5060;Keumiée;Keumiée
BE;5060;Moignelée;Moignelée
BE;5060;SAMBREVILLE;SAMBREVILLE
BE;5060;Tamines;Tamines
BE;5060;Velaine-Sur-Sambre;Velaine-Sur-Sambre
BE;5070;Aisemont;Aisemont
BE;5070;FOSSES-LA-VILLE;FOSSES-LA-VILLE
BE;5070;Le Roux;Le Roux
BE;5070;Sart-Eustache;Sart-Eustache
BE;5070;Sart-Saint-Laurent;Sart-Saint-Laurent
BE;5070;Vitrival;Vitrival
BE;5080;Emines;Emines
BE;5080;LA BRUYÈRE;LA BRUYÈRE
BE;5080;Rhisnes;Rhisnes
BE;5080;Villers-Lez-Heest;Villers-Lez-Heest
BE;5080;Warisoulx;Warisoulx
BE;5081;Bovesse;Bovesse
BE;5081;Meux;Meux
BE;5081;Saint-Denis-Bovesse;Saint-Denis-Bovesse
BE;5100;Dave;Dave
BE;5100;Jambes;Jambes
BE;5100;Naninne;Naninne
BE;5100;Wépion;Wépion
BE;5100;Wierde;Wierde
BE;5101;Erpent;Erpent
BE;5101;Lives-Sur-Meuse;Lives-Sur-Meuse
BE;5101;Loyers;Loyers
BE;5140;Boignée;Boignée
BE;5140;Ligny;Ligny
BE;5140;SOMBREFFE;SOMBREFFE
BE;5140;Tongrinne;Tongrinne
BE;5150;FLOREFFE;FLOREFFE
BE;5150;Floriffoux;Floriffoux
BE;5150;Franière;Franière
BE;5150;Soye;Soye
BE;5170;Arbre;Arbre
BE;5170;Bois-De-Villers;Bois-De-Villers
BE;5170;Lesve;Lesve
BE;5170;Lustin;Lustin
BE;5170;PROFONDEVILLE;PROFONDEVILLE
BE;5170;Rivière;Rivière
BE;5190;Balâtre;Balâtre
BE;5190;Ham-Sur-Sambre;Ham-Sur-Sambre
BE;5190;JEMEPPE-SUR-SAMBRE;JEMEPPE-SUR-SAMBRE
BE;5190;Mornimont;Mornimont
BE;5190;Moustier-Sur-Sambre;Moustier-Sur-Sambre
BE;5190;Onoz;Onoz
BE;5190;Saint-Martin;Saint-Martin
BE;5190;Spy;Spy
BE;5300;ANDENNE;ANDENNE
BE;5300;Bonneville;Bonneville
BE;5300;Coutisse;Coutisse
BE;5300;Landenne;Landenne
BE;5300;Maizeret;Maizeret
BE;5300;Namêche;Namêche
BE;5300;Sclayn;Sclayn
BE;5300;Seilles;Seilles
BE;5300;Thon;Thon
BE;5300;Vezin;Vezin
BE;5310;Aische-En-Refail;Aische-En-Refail
BE;5310;Bolinne;Bolinne
BE;5310;Boneffe;Boneffe
BE;5310;Branchon;Branchon
BE;5310;Dhuy;Dhuy
BE;5310;EGHEZÉE;EGHEZÉE
BE;5310;Hanret;Hanret
BE;5310;Leuze;Leuze
BE;5310;Liernu;Liernu
BE;5310;Longchamps;Longchamps
BE;5310;Mehaigne;Mehaigne
BE;5310;Noville-Sur-Méhaigne;Noville-Sur-Méhaigne
BE;5310;Saint-Germain;Saint-Germain
BE;5310;Taviers;Taviers
BE;5310;Upigny;Upigny
BE;5310;Waret-La-Chaussée;Waret-La-Chaussée
BE;5330;ASSESSE;ASSESSE
BE;5330;Maillen;Maillen
BE;5330;Sart-Bernard;Sart-Bernard
BE;5332;Crupet;Crupet
BE;5333;Sorinne-La-Longue;Sorinne-La-Longue
BE;5334;Florée;Florée
BE;5336;Courrière;Courrière
BE;5340;Faulx-Les-Tombes;Faulx-Les-Tombes
BE;5340;GESVES;GESVES
BE;5340;Haltinne;Haltinne
BE;5340;Mozet;Mozet
BE;5340;Sorée;Sorée
BE;5350;Evelette;Evelette
BE;5350;OHEY;OHEY
BE;5351;Haillot;Haillot
BE;5352;Perwez-Haillot;Perwez-Haillot
BE;5353;Goesnes;Goesnes
BE;5354;Jallet;Jallet
BE;5360;HAMOIS;HAMOIS
BE;5360;Natoye;Natoye
BE;5361;Mohiville;Mohiville
BE;5361;Scy;Scy
BE;5362;Achet;Achet
BE;5363;Emptinne;Emptinne
BE;5364;Schaltin;Schaltin
BE;5370;Barvaux-Condroz;Barvaux-Condroz
BE;5370;Flostoy;Flostoy
BE;5370;HAVELANGE;HAVELANGE
BE;5370;Jeneffe;Jeneffe
BE;5370;Porcheresse;Porcheresse
BE;5370;Verlée;Verlée
BE;5372;Méan;Méan
BE;5374;Maffe;Maffe
BE;5376;Miécret;Miécret
BE;5377;Baillonville;Baillonville
BE;5377;Bonsin;Bonsin
BE;5377;Heure;Heure
BE;5377;Hogne;Hogne
BE;5377;Nettinne;Nettinne
BE;5377;Noiseux;Noiseux
BE;5377;Sinsin;Sinsin
BE;5377;SOMME-LEUZE;SOMME-LEUZE
BE;5377;Waillet;Waillet
BE;5380;Bierwart;Bierwart
BE;5380;Cortil-Wodon;Cortil-Wodon
BE;5380;FERNELMONT;FERNELMONT
BE;5380;Forville;Forville
BE;5380;Franc-Waret;Franc-Waret
BE;5380;Hemptinne;Hemptinne
BE;5380;Hingeon;Hingeon
BE;5380;Marchovelette;Marchovelette
BE;5380;Noville-Les-Bois;Noville-Les-Bois
BE;5380;Pontillas;Pontillas
BE;5380;Tillier;Tillier
BE;5500;Anseremme;Anseremme
BE;5500;Bouvignes-Sur-Meuse;Bouvignes-Sur-Meuse
BE;5500;DINANT;DINANT
BE;5500;Dréhance;Dréhance
BE;5500;Falmagne;Falmagne
BE;5500;Falmignoul;Falmignoul
BE;5500;Furfooz;Furfooz
BE;5501;Lisogne;Lisogne
BE;5502;Thynes;Thynes
BE;5503;Sorinnes;Sorinnes
BE;5504;Foy-Notre-Dame;Foy-Notre-Dame
BE;5520;Anthée;Anthée
BE;5520;ONHAYE;ONHAYE
BE;5521;Serville;Serville
BE;5522;Falaen;Falaen
BE;5523;Sommière;Sommière
BE;5523;Weillen;Weillen
BE;5524;Gerin;Gerin
BE;5530;Dorinne;Dorinne
BE;5530;Durnal;Durnal
BE;5530;Evrehailles;Evrehailles
BE;5530;Godinne;Godinne
BE;5530;Houx;Houx
BE;5530;Mont;Mont
BE;5530;Purnode;Purnode
BE;5530;Spontin;Spontin
BE;5530;YVOIR;YVOIR
BE;5537;ANHÉE;ANHÉE
BE;5537;Annevoie-Rouillon;Annevoie-Rouillon
BE;5537;Bioul;Bioul
BE;5537;Denée;Denée
BE;5537;Haut-Le-Wastia;Haut-Le-Wastia
BE;5537;Sosoye;Sosoye
BE;5537;Warnant;Warnant
BE;5540;HASTIÈRE;HASTIÈRE
BE;5540;Hastière-Lavaux;Hastière-Lavaux
BE;5540;Hermeton-Sur-Meuse;Hermeton-Sur-Meuse
BE;5540;Waulsort;Waulsort
BE;5541;Hastière-Par-Delà;Hastière-Par-Delà
BE;5542;Blaimont;Blaimont
BE;5543;Heer;Heer
BE;5544;Agimont;Agimont
BE;5550;Alle;Alle
BE;5550;Bagimont;Bagimont
BE;5550;Bohan;Bohan
BE;5550;Chairière;Chairière
BE;5550;Laforet;Laforet
BE;5550;Membre;Membre
BE;5550;Mouzaive;Mouzaive
BE;5550;Nafraiture;Nafraiture
BE;5550;Orchimont;Orchimont
BE;5550;Pussemange;Pussemange
BE;5550;Sugny;Sugny
BE;5550;VRESSE-SUR-SEMOIS;VRESSE-SUR-SEMOIS
BE;5555;Baillamont;Baillamont
BE;5555;Bellefontaine;Bellefontaine
BE;5555;BIÈVRE;BIÈVRE
BE;5555;Cornimont;Cornimont
BE;5555;Graide;Graide
BE;5555;Gros-Fays;Gros-Fays
BE;5555;Monceau-En-Ardenne;Monceau-En-Ardenne
BE;5555;Naomé;Naomé
BE;5555;Oizy;Oizy
BE;5555;Petit-Fays;Petit-Fays
BE;5560;Ciergnon;Ciergnon
BE;5560;Finnevaux;Finnevaux
BE;5560;HOUYET;HOUYET
BE;5560;Hulsonniaux;Hulsonniaux
BE;5560;Mesnil-Eglise;Mesnil-Eglise
BE;5560;Mesnil-Saint-Blaise;Mesnil-Saint-Blaise
BE;5561;Celles;Celles
BE;5562;Custinne;Custinne
BE;5563;Hour;Hour
BE;5564;Wanlin;Wanlin
BE;5570;Baronville;Baronville
BE;5570;BEAURAING;BEAURAING
BE;5570;Dion;Dion
BE;5570;Felenne;Felenne
BE;5570;Feschaux;Feschaux
BE;5570;Honnay;Honnay
BE;5570;Javingue;Javingue
BE;5570;Vonêche;Vonêche
BE;5570;Wancennes;Wancennes
BE;5570;Winenne;Winenne
BE;5571;Wiesme;Wiesme
BE;5572;Focant;Focant
BE;5573;Martouzin-Neuville;Martouzin-Neuville
BE;5574;Pondrôme;Pondrôme
BE;5575;Bourseigne-Neuve;Bourseigne-Neuve
BE;5575;Bourseigne-Vieille;Bourseigne-Vieille
BE;5575;GEDINNE;GEDINNE
BE;5575;Houdremont;Houdremont
BE;5575;Louette-Saint-Denis;Louette-Saint-Denis
BE;5575;Louette-Saint-Pierre;Louette-Saint-Pierre
BE;5575;Malvoisin;Malvoisin
BE;5575;Patignies;Patignies
BE;5575;Rienne;Rienne
BE;5575;Sart-Custinne;Sart-Custinne
BE;5575;Vencimont;Vencimont
BE;5575;Willerzie;Willerzie
BE;5576;Froidfontaine;Froidfontaine
BE;5580;Ave-Et-Auffe;Ave-Et-Auffe
BE;5580;Buissonville;Buissonville
BE;5580;Eprave;Eprave
BE;5580;Han-Sur-Lesse;Han-Sur-Lesse
BE;5580;Jemelle;Jemelle
BE;5580;Lavaux-Saint-Anne;Lavaux-Saint-Anne
BE;5580;Lessive;Lessive
BE;5580;Mont-Gauthier;Mont-Gauthier
BE;5580;ROCHEFORT;ROCHEFORT
BE;5580;Villers-Sur-Lesse;Villers-Sur-Lesse
BE;5580;Wavreille;Wavreille
BE;5589;Jemelle;Jemelle
BE;5590;Achêne;Achêne
BE;5590;Braibant;Braibant
BE;5590;Chevetogne;Chevetogne
BE;5590;CINEY;CINEY
BE;5590;Conneux;Conneux
BE;5590;Haversin;Haversin
BE;5590;Leignon;Leignon
BE;5590;Pessoux;Pessoux
BE;5590;Serinchamps;Serinchamps
BE;5590;Sovet;Sovet
BE;5600;Fagnolle;Fagnolle
BE;5600;Franchimont;Franchimont
BE;5600;Jamagne;Jamagne
BE;5600;Jamiolle;Jamiolle
BE;5600;Merlemont;Merlemont
BE;5600;Neuville;Neuville
BE;5600;Omezée;Omezée
BE;5600;PHILIPPEVILLE;PHILIPPEVILLE
BE;5600;Roly;Roly
BE;5600;Romedenne;Romedenne
BE;5600;Samart;Samart
BE;5600;Sart-En-Fagne;Sart-En-Fagne
BE;5600;Sautour;Sautour
BE;5600;Surice;Surice
BE;5600;Villers-En-Fagne;Villers-En-Fagne
BE;5600;Villers-Le-Gambon;Villers-Le-Gambon
BE;5600;Vodecée;Vodecée
BE;5620;Corenne;Corenne
BE;5620;Flavion;Flavion
BE;5620;FLORENNES;FLORENNES
BE;5620;Hemptinne-Lez-Florennes;Hemptinne-Lez-Florennes
BE;5620;Morville;Morville
BE;5620;Rosée;Rosée
BE;5620;Saint-Aubin;Saint-Aubin
BE;5621;Hanzinelle;Hanzinelle
BE;5621;Hanzinne;Hanzinne
BE;5621;Morialmé;Morialmé
BE;5621;Thy-Le-Baudouin;Thy-Le-Baudouin
BE;5630;CERFONTAINE;CERFONTAINE
BE;5630;Daussois;Daussois
BE;5630;Senzeille;Senzeille
BE;5630;Silenrieux;Silenrieux
BE;5630;Soumoy;Soumoy
BE;5630;Villers-Deux-Eglises;Villers-Deux-Eglises
BE;5640;Biesme;Biesme
BE;5640;Biesmerée;Biesmerée
BE;5640;Graux;Graux
BE;5640;METTET;METTET
BE;5640;Oret;Oret
BE;5640;Saint-Gérard;Saint-Gérard
BE;5641;Furnaux;Furnaux
BE;5644;Ermeton-Sur-Biert;Ermeton-Sur-Biert
BE;5646;Stave;Stave
BE;5650;Castillon;Castillon
BE;5650;Chastrès;Chastrès
BE;5650;Clermont;Clermont
BE;5650;Fontenelle;Fontenelle
BE;5650;Fraire;Fraire
BE;5650;Pry;Pry
BE;5650;Vogenée;Vogenée
BE;5650;WALCOURT;WALCOURT
BE;5650;Yves-Gomezée;Yves-Gomezée
BE;5651;Berzée;Berzée
BE;5651;Gourdinne;Gourdinne
BE;5651;Laneffe;Laneffe
BE;5651;Rognée;Rognée
BE;5651;Somzée;Somzée
BE;5651;Tarcienne;Tarcienne
BE;5651;Thy-Le-Château;Thy-Le-Château
BE;5660;Aublain;Aublain
BE;5660;Boussu-En-Fagne;Boussu-En-Fagne
BE;5660;Brûly;Brûly
BE;5660;Brûly-De-Pesche;Brûly-De-Pesche
BE;5660;COUVIN;COUVIN
BE;5660;Cul-Des-Sarts;Cul-Des-Sarts
BE;5660;Dailly;Dailly
BE;5660;Frasnes;Frasnes
BE;5660;Gonrieux;Gonrieux
BE;5660;Mariembourg;Mariembourg
BE;5660;Pesche;Pesche
BE;5660;Petigny;Petigny
BE;5660;Petite-Chapelle;Petite-Chapelle
BE;5660;Presgaux;Presgaux
BE;5670;Dourbes;Dourbes
BE;5670;Le Mesnil;Le Mesnil
BE;5670;Mazée;Mazée
BE;5670;Nismes;Nismes
BE;5670;Oignies-En-Thiérache;Oignies-En-Thiérache
BE;5670;Olloy-Sur-Viroin;Olloy-Sur-Viroin
BE;5670;Treignes;Treignes
BE;5670;Vierves-Sur-Viroin;Vierves-Sur-Viroin
BE;5670;VIROINVAL;VIROINVAL
BE;5680;DOISCHE;DOISCHE
BE;5680;Gimnée;Gimnée
BE;5680;Gochenée;Gochenée
BE;5680;Matagne-La-Grande;Matagne-La-Grande
BE;5680;Matagne-La-Petite;Matagne-La-Petite
BE;5680;Niverlée;Niverlée
BE;5680;Romerée;Romerée
BE;5680;Soulme;Soulme
BE;5680;Vaucelles;Vaucelles
BE;5680;Vodelée;Vodelée
BE;6000;CHARLEROI;CHARLEROI
BE;6001;Marcinelle;Marcinelle
BE;6010;Couillet;Couillet
BE;6020;Dampremy;Dampremy
BE;6030;Goutroux;Goutroux
BE;6030;Marchienne-Au-Pont;Marchienne-Au-Pont
BE;6031;Monceau-Sur-Sambre;Monceau-Sur-Sambre
BE;6032;Mont-Sur-Marchienne;Mont-Sur-Marchienne
BE;6040;Jumet;Jumet
BE;6041;Gosselies;Gosselies
BE;6042;Lodelinsart;Lodelinsart
BE;6043;Ransart;Ransart
BE;6044;Roux;Roux
BE;6060;Gilly;Gilly
BE;6061;Montignies-Sur-Sambre;Montignies-Sur-Sambre
BE;6075;CSM Charleroi X;CSM Charleroi X
BE;6099;Charleroi X;Charleroi X
BE;6110;MONTIGNY-LE-TILLEUL;MONTIGNY-LE-TILLEUL
BE;6111;Landelies;Landelies
BE;612;Saint-Nicolas;Sinterklaas
BE;6120;Cour-Sur-Heure;Cour-Sur-Heure
BE;6120;HAM-SUR-HEURE;HAM-SUR-HEURE
BE;6120;Jamioulx;Jamioulx
BE;6120;Marbaix;Marbaix
BE;6120;Nalinnes;Nalinnes
BE;6140;FONTAINE-L'EVÊQUE;FONTAINE-L'EVÊQUE
BE;6141;Forchies-La-Marche;Forchies-La-Marche
BE;6142;Leernes;Leernes
BE;6150;ANDERLUES;ANDERLUES
BE;6180;COURCELLES;COURCELLES
BE;6181;Gouy-Lez-Piéton;Gouy-Lez-Piéton
BE;6182;Souvret;Souvret
BE;6183;Trazegnies;Trazegnies
BE;6200;Bouffioulx;Bouffioulx
BE;6200;CHÂTELET;CHÂTELET
BE;6200;Châtelineau;Châtelineau
BE;6210;Frasnes-Lez-Gosselies;Frasnes-Lez-Gosselies
BE;6210;LES BONS VILLERS;LES BONS VILLERS
BE;6210;Rèves;Rèves
BE;6210;Villers-Perwin;Villers-Perwin
BE;6210;Wayaux;Wayaux
BE;6211;Mellet;Mellet
BE;6220;FLEURUS;FLEURUS
BE;6220;Heppignies;Heppignies
BE;6220;Lambusart;Lambusart
BE;6220;Wangenies;Wangenies
BE;6221;Saint-Amand;Saint-Amand
BE;6222;Brye;Brye
BE;6223;Wagnelée;Wagnelée
BE;6224;Wanfercée-Baulet;Wanfercée-Baulet
BE;6230;Buzet;Buzet
BE;6230;Obaix;Obaix
BE;6230;PONT-À-CELLES;PONT-À-CELLES
BE;6230;Thiméon;Thiméon
BE;6230;Viesville;Viesville
BE;6238;Liberchies;Liberchies
BE;6238;Luttre;Luttre
BE;6240;FARCIENNES;FARCIENNES
BE;6240;Pironchamps;Pironchamps
BE;6250;Aiseau;Aiseau
BE;6250;AISEAU-PRESLES;AISEAU-PRESLES
BE;6250;Pont-De-Loup;Pont-De-Loup
BE;6250;Presles;Presles
BE;6250;Roselies;Roselies
BE;6280;Acoz;Acoz
BE;6280;GERPINNES;GERPINNES
BE;6280;Gougnies;Gougnies
BE;6280;Joncret;Joncret
BE;6280;Loverval;Loverval
BE;6280;Villers-Poterie;Villers-Poterie
BE;6440;Boussu-Lez-Walcourt;Boussu-Lez-Walcourt
BE;6440;Fourbechies;Fourbechies
BE;6440;FROIDCHAPELLE;FROIDCHAPELLE
BE;6440;Vergnies;Vergnies
BE;6441;Erpion;Erpion
BE;6460;Bailièvre;Bailièvre
BE;6460;CHIMAY;CHIMAY
BE;6460;Robechies;Robechies
BE;6460;Saint-Remy;Saint-Remy
BE;6460;Salles;Salles
BE;6460;Villers-La-Tour;Villers-La-Tour
BE;6461;Virelles;Virelles
BE;6462;Vaulx-Lez-Chimay;Vaulx-Lez-Chimay
BE;6463;Lompret;Lompret
BE;6464;Baileux;Baileux
BE;6464;Bourlers;Bourlers
BE;6464;Forges;Forges
BE;6464;L'Escaillère;L'Escaillère
BE;6464;Rièzes;Rièzes
BE;6470;Grandrieu;Grandrieu
BE;6470;Montbliart;Montbliart
BE;6470;Rance;Rance
BE;6470;Sautin;Sautin
BE;6470;Sivry;Sivry
BE;6470;SIVRY-RANCE;SIVRY-RANCE
BE;6500;Barbençon;Barbençon
BE;6500;BEAUMONT;BEAUMONT
BE;6500;Leugnies;Leugnies
BE;6500;Leval-Chaudeville;Leval-Chaudeville
BE;6500;Renlies;Renlies
BE;6500;Solre-Saint-Géry;Solre-Saint-Géry
BE;6500;Thirimont;Thirimont
BE;6511;Strée;Strée
BE;6530;Leers-Et-Fosteau;Leers-Et-Fosteau
BE;6530;THUIN;THUIN
BE;6531;Biesme-Sous-Thuin;Biesme-Sous-Thuin
BE;6532;Ragnies;Ragnies
BE;6533;Biercée;Biercée
BE;6534;Gozée;Gozée
BE;6536;Donstiennes;Donstiennes
BE;6536;Thuillies;Thuillies
BE;6540;LOBBES;LOBBES
BE;6540;Mont-Sainte-Geneviève;Mont-Sainte-Geneviève
BE;6542;Sars-La-Buissière;Sars-La-Buissière
BE;6543;Bienne-Lez-Happart;Bienne-Lez-Happart
BE;6560;Bersillies-L'Abbaye;Bersillies-L'Abbaye
BE;6560;ERQUELINNES;ERQUELINNES
BE;6560;Grand-Reng;Grand-Reng
BE;6560;Hantes-Wihéries;Hantes-Wihéries
BE;6560;Montignies-Saint-Christophe;Montignies-Saint-Christophe
BE;6560;Solre-Sur-Sambre;Solre-Sur-Sambre
BE;6567;Fontaine-Valmont;Fontaine-Valmont
BE;6567;Labuissière;Labuissière
BE;6567;MERBES-LE-CHÂTEAU;MERBES-LE-CHÂTEAU
BE;6567;Merbes-Sainte-Marie;Merbes-Sainte-Marie
BE;6590;MOMIGNIES;MOMIGNIES
BE;6591;Macon;Macon
BE;6592;Monceau-Imbrechies;Monceau-Imbrechies
BE;6593;Macquenoise;Macquenoise
BE;6594;Beauwelz;Beauwelz
BE;6596;Forge-Philippe;Forge-Philippe
BE;6596;Seloignes;Seloignes
BE;6600;BASTOGNE;BASTOGNE
BE;6600;Longvilly;Longvilly
BE;6600;Noville;Noville
BE;6600;Villers-La-Bonne-Eau;Villers-La-Bonne-Eau
BE;6600;Wardin;Wardin
BE;6630;MARTELANGE;MARTELANGE
BE;6637;FAUVILLERS;FAUVILLERS
BE;6637;Hollange;Hollange
BE;6637;Tintange;Tintange
BE;6640;Hompré;Hompré
BE;6640;Morhet;Morhet
BE;6640;Nives;Nives
BE;6640;Sibret;Sibret
BE;6640;Vaux-Lez-Rosières;Vaux-Lez-Rosières
BE;6640;VAUX-SUR-SÛRE;VAUX-SUR-SÛRE
BE;6642;Juseret;Juseret
BE;6660;HOUFFALIZE;HOUFFALIZE
BE;6660;Nadrin;Nadrin
BE;6661;Mont;Mont
BE;6661;Tailles;Tailles
BE;6662;Tavigny;Tavigny
BE;6663;Mabompré;Mabompré
BE;6666;Wibrin;Wibrin
BE;6670;GOUVY;GOUVY
BE;6670;Limerlé;Limerlé
BE;6671;Bovigny;Bovigny
BE;6672;Beho;Beho
BE;6673;Cherain;Cherain
BE;6674;Montleban;Montleban
BE;6680;Amberloup;Amberloup
BE;6680;SAINTE-ODE;SAINTE-ODE
BE;6680;Tillet;Tillet
BE;6681;Lavacherie;Lavacherie
BE;6686;Flamierge;Flamierge
BE;6687;BERTOGNE;BERTOGNE
BE;6688;Longchamps;Longchamps
BE;6690;Bihain;Bihain
BE;6690;VIELSALM;VIELSALM
BE;6692;Petit-Thier;Petit-Thier
BE;6698;Grand-Halleux;Grand-Halleux
BE;6700;ARLON;ARLON
BE;6700;Bonnert;Bonnert
BE;6700;Heinsch;Heinsch
BE;6700;Toernich;Toernich
BE;6704;Guirsch;Guirsch
BE;6706;Autelbas;Autelbas
BE;6717;ATTERT;ATTERT
BE;6717;Nobressart;Nobressart
BE;6717;Nothomb;Nothomb
BE;6717;Thiaumont;Thiaumont
BE;6717;Tontelange;Tontelange
BE;6720;HABAY;HABAY
BE;6720;Habay-La-Neuve;Habay-La-Neuve
BE;6720;Hachy;Hachy
BE;6721;Anlier;Anlier
BE;6723;Habay-La-Vieille;Habay-La-Vieille
BE;6724;Houdemont;Houdemont
BE;6724;Rulles;Rulles
BE;6730;Bellefontaine;Bellefontaine
BE;6730;Rossignol;Rossignol
BE;6730;Saint-Vincent;Saint-Vincent
BE;6730;TINTIGNY;TINTIGNY
BE;6740;ETALLE;ETALLE
BE;6740;Sainte-Marie-Sur-Semois;Sainte-Marie-Sur-Semois
BE;6740;Villers-Sur-Semois;Villers-Sur-Semois
BE;6741;Vance;Vance
BE;6742;Chantemelle;Chantemelle
BE;6743;Buzenol;Buzenol
BE;6747;Châtillon;Châtillon
BE;6747;Meix-Le-Tige;Meix-Le-Tige
BE;6747;SAINT-LÉGER;SAINT-LÉGER
BE;6750;MUSSON;MUSSON
BE;6750;Mussy-La-Ville;Mussy-La-Ville
BE;6750;Signeulx;Signeulx
BE;6760;Bleid;Bleid
BE;6760;Ethe;Ethe
BE;6760;Ruette;Ruette
BE;6760;VIRTON;VIRTON
BE;6761;Latour;Latour
BE;6762;Saint-Mard;Saint-Mard
BE;6767;Dampicourt;Dampicourt
BE;6767;Harnoncourt;Harnoncourt
BE;6767;Lamorteau;Lamorteau
BE;6767;ROUVROY;ROUVROY
BE;6767;Torgny;Torgny
BE;6769;Gérouville;Gérouville
BE;6769;MEIX-DEVANT-VIRTON;MEIX-DEVANT-VIRTON
BE;6769;Robelmont;Robelmont
BE;6769;Sommethonne;Sommethonne
BE;6769;Villers-La-Loue;Villers-La-Loue
BE;6780;Hondelange;Hondelange
BE;6780;MESSANCY;MESSANCY
BE;6780;Wolkrange;Wolkrange
BE;6781;Sélange;Sélange
BE;6782;Habergy;Habergy
BE;6790;AUBANGE;AUBANGE
BE;6791;Athus;Athus
BE;6792;Halanzy;Halanzy
BE;6792;Rachecourt;Rachecourt
BE;6800;Bras;Bras
BE;6800;Freux;Freux
BE;6800;LIBRAMONT-CHEVIGNY;LIBRAMONT-CHEVIGNY
BE;6800;Moircy;Moircy
BE;6800;Recogne;Recogne
BE;6800;Remagne;Remagne
BE;6800;Saint-Pierre;Saint-Pierre
BE;6800;Sainte-Marie-Chevigny;Sainte-Marie-Chevigny
BE;6810;CHINY;CHINY
BE;6810;Izel;Izel
BE;6810;Jamoigne;Jamoigne
BE;6811;Les Bulles;Les Bulles
BE;6812;Suxy;Suxy
BE;6813;Termes;Termes
BE;6820;FLORENVILLE;FLORENVILLE
BE;6820;Fontenoille;Fontenoille
BE;6820;Muno;Muno
BE;6820;Sainte-Cécile;Sainte-Cécile
BE;6821;Lacuisine;Lacuisine
BE;6823;Villers-Devant-Orval;Villers-Devant-Orval
BE;6824;Chassepierre;Chassepierre
BE;6830;BOUILLON;BOUILLON
BE;6830;Les Hayons;Les Hayons
BE;6830;Poupehan;Poupehan
BE;6830;Rochehaut;Rochehaut
BE;6831;Noirfontaine;Noirfontaine
BE;6832;Sensenruth;Sensenruth
BE;6833;Ucimont;Ucimont
BE;6833;Vivy;Vivy
BE;6834;Bellevaux;Bellevaux
BE;6836;Dohan;Dohan
BE;6838;Corbion;Corbion
BE;6840;Grandvoir;Grandvoir
BE;6840;Grapfontaine;Grapfontaine
BE;6840;Hamipré;Hamipré
BE;6840;Longlier;Longlier
BE;6840;NEUFCHÂTEAU;NEUFCHÂTEAU
BE;6840;Tournay;Tournay
BE;6850;Carlsbourg;Carlsbourg
BE;6850;Offagne;Offagne
BE;6850;PALISEUL;PALISEUL
BE;6851;Nollevaux;Nollevaux
BE;6852;Maissin;Maissin
BE;6852;Opont;Opont
BE;6853;Framont;Framont
BE;6856;Fays-Les-Veneurs;Fays-Les-Veneurs
BE;6860;Assenois;Assenois
BE;6860;Ebly;Ebly
BE;6860;LÉGLISE;LÉGLISE
BE;6860;Mellier;Mellier
BE;6860;Witry;Witry
BE;6870;Arville;Arville
BE;6870;Awenne;Awenne
BE;6870;Hatrival;Hatrival
BE;6870;Mirwart;Mirwart
BE;6870;SAINT-HUBERT;SAINT-HUBERT
BE;6870;Vesqueville;Vesqueville
BE;6880;Auby-Sur-Semois;Auby-Sur-Semois
BE;6880;BERTRIX;BERTRIX
BE;6880;Cugnon;Cugnon
BE;6880;Jehonville;Jehonville
BE;6880;Orgeo;Orgeo
BE;6887;HERBEUMONT;HERBEUMONT
BE;6887;Saint-Médard;Saint-Médard
BE;6887;Straimont;Straimont
BE;6890;Anloy;Anloy
BE;6890;LIBIN;LIBIN
BE;6890;Ochamps;Ochamps
BE;6890;Redu;Redu
BE;6890;Smuid;Smuid
BE;6890;Transinne;Transinne
BE;6890;Villance;Villance
BE;6900;Aye;Aye
BE;6900;Hargimont;Hargimont
BE;6900;Humain;Humain
BE;6900;MARCHE-EN-FAMENNE;MARCHE-EN-FAMENNE
BE;6900;On;On
BE;6900;Roy;Roy
BE;6900;Waha;Waha
BE;6920;Sohier;Sohier
BE;6920;WELLIN;WELLIN
BE;6921;Chanly;Chanly
BE;6922;Halma;Halma
BE;6924;Lomprez;Lomprez
BE;6927;Bure;Bure
BE;6927;Grupont;Grupont
BE;6927;Resteigne;Resteigne
BE;6927;TELLIN;TELLIN
BE;6929;DAVERDISSE;DAVERDISSE
BE;6929;Gembes;Gembes
BE;6929;Haut-Fays;Haut-Fays
BE;6929;Porcheresse;Porcheresse
BE;6940;Barvaux-Sur-Ourthe;Barvaux-Sur-Ourthe
BE;6940;DURBUY;DURBUY
BE;6940;Grandhan;Grandhan
BE;6940;Septon;Septon
BE;6940;Wéris;Wéris
BE;6941;Bende;Bende
BE;6941;Bomal-Sur-Ourthe;Bomal-Sur-Ourthe
BE;6941;Borlon;Borlon
BE;6941;Heyd;Heyd
BE;6941;Izier;Izier
BE;6941;Tohogne;Tohogne
BE;6941;Villers-Sainte-Gertrude;Villers-Sainte-Gertrude
BE;6950;Harsin;Harsin
BE;6950;NASSOGNE;NASSOGNE
BE;6951;Bande;Bande
BE;6952;Grune;Grune
BE;6953;Ambly;Ambly
BE;6953;Forrières;Forrières
BE;6953;Lesterny;Lesterny
BE;6953;Masbourg;Masbourg
BE;6960;Dochamps;Dochamps
BE;6960;Grandmenil;Grandmenil
BE;6960;Harre;Harre
BE;6960;Malempré;Malempré
BE;6960;MANHAY;MANHAY
BE;6960;Odeigne;Odeigne
BE;6960;Vaux-Chavanne;Vaux-Chavanne
BE;6970;TENNEVILLE;TENNEVILLE
BE;6971;Champlon;Champlon
BE;6972;Erneuville;Erneuville
BE;6980;Beausaint;Beausaint
BE;6980;LA ROCHE-EN-ARDENNE;LA ROCHE-EN-ARDENNE
BE;6982;Samrée;Samrée
BE;6983;Ortho;Ortho
BE;6984;Hives;Hives
BE;6986;Halleux;Halleux
BE;6987;Beffe;Beffe
BE;6987;Hodister;Hodister
BE;6987;Marcourt;Marcourt
BE;6987;RENDEUX;RENDEUX
BE;6990;Fronville;Fronville
BE;6990;Hampteau;Hampteau
BE;6990;HOTTON;HOTTON
BE;6990;Marenne;Marenne
BE;6997;Amonines;Amonines
BE;6997;EREZÉE;EREZÉE
BE;6997;Mormont;Mormont
BE;6997;Soy;Soy
BE;7000;MONS;MONS
BE;7010;SHAPE;SHAPE
BE;7011;Ghlin;Ghlin
BE;7012;Flénu;Flénu
BE;7012;Jemappes;Jemappes
BE;7020;Maisières;Maisières
BE;7020;Nimy;Nimy
BE;7021;Havre;Havre
BE;7022;Harmignies;Harmignies
BE;7022;Harveng;Harveng
BE;7022;Hyon;Hyon
BE;7022;Mesvin;Mesvin
BE;7022;Nouvelles;Nouvelles
BE;7024;Ciply;Ciply
BE;7030;Saint-Symphorien;Saint-Symphorien
BE;7031;Villers-Saint-Ghislain;Villers-Saint-Ghislain
BE;7032;Spiennes;Spiennes
BE;7033;Cuesmes;Cuesmes
BE;7034;Obourg;Obourg
BE;7034;Saint-Denis;Saint-Denis
BE;7040;Asquillies;Asquillies
BE;7040;Aulnois;Aulnois
BE;7040;Blaregnies;Blaregnies
BE;7040;Bougnies;Bougnies
BE;7040;Genly;Genly
BE;7040;Goegnies-Chaussée;Goegnies-Chaussée
BE;7040;QUÉVY;QUÉVY
BE;7040;Quévy-Le-Grand;Quévy-Le-Grand
BE;7040;Quévy-Le-Petit;Quévy-Le-Petit
BE;7041;Givry;Givry
BE;7041;Havay;Havay
BE;7050;Erbaut;Erbaut
BE;7050;Erbisoeul;Erbisoeul
BE;7050;Herchies;Herchies
BE;7050;JURBISE;JURBISE
BE;7050;Masnuy-Saint-Jean;Masnuy-Saint-Jean
BE;7050;Masnuy-Saint-Pierre;Masnuy-Saint-Pierre
BE;7060;Horrues;Horrues
BE;7060;SOIGNIES;SOIGNIES
BE;7061;Casteau;Casteau
BE;7061;Thieusies;Thieusies
BE;7062;Naast;Naast
BE;7063;Chaussée-Notre-Dame-Louvignies;Chaussée-Notre-Dame-Louvignies
BE;7063;Neufvilles;Neufvilles
BE;7070;Gottignies;Gottignies
BE;7070;LE ROEULX;LE ROEULX
BE;7070;Mignault;Mignault
BE;7070;Thieu;Thieu
BE;7070;Ville-Sur-Haine;Ville-Sur-Haine
BE;7080;Eugies;Eugies
BE;7080;FRAMERIES;FRAMERIES
BE;7080;La Bouverie;La Bouverie
BE;7080;Noirchain;Noirchain
BE;7080;Sars-La-Bruyère;Sars-La-Bruyère
BE;7090;BRAINE-LE-COMTE;BRAINE-LE-COMTE
BE;7090;Hennuyères;Hennuyères
BE;7090;Henripont;Henripont
BE;7090;Petit-Roeulx-Lez-Braine;Petit-Roeulx-Lez-Braine
BE;7090;Ronquières;Ronquières
BE;7090;Steenkerque;Steenkerque
BE;7100;Haine-Saint-Paul;Haine-Saint-Paul
BE;7100;Haine-Saint-Pierre;Haine-Saint-Pierre
BE;7100;LA LOUVIÈRE;LA LOUVIÈRE
BE;7100;Saint-Vaast;Saint-Vaast
BE;7100;Trivières;Trivières
BE;7110;Boussoit;Boussoit
BE;7110;Houdeng-Aimeries;Houdeng-Aimeries
BE;7110;Houdeng-Goegnies;Houdeng-Goegnies
BE;7110;Maurage;Maurage
BE;7110;Strépy-Bracquegnies;Strépy-Bracquegnies
BE;7120;Croix-Lez-Rouveroy;Croix-Lez-Rouveroy
BE;7120;ESTINNES;ESTINNES
BE;7120;Estinnes-Au-Mont;Estinnes-Au-Mont
BE;7120;Estinnes-Au-Val;Estinnes-Au-Val
BE;7120;Fauroeulx;Fauroeulx
BE;7120;Haulchin;Haulchin
BE;7120;Peissant;Peissant
BE;7120;Rouveroy;Rouveroy
BE;7120;Vellereille-Le-Sec;Vellereille-Le-Sec
BE;7120;Vellereille-Les-Brayeux;Vellereille-Les-Brayeux
BE;7130;Battignies;Battignies
BE;7130;BINCHE;BINCHE
BE;7130;Bray;Bray
BE;7131;Waudrez;Waudrez
BE;7133;Buvrinnes;Buvrinnes
BE;7134;Epinois;Epinois
BE;7134;Leval-Trahegnies;Leval-Trahegnies
BE;7134;Péronnes-Lez-Binche;Péronnes-Lez-Binche
BE;7134;Ressaix;Ressaix
BE;7140;MORLANWELZ;MORLANWELZ
BE;7140;Morlanwelz-Mariemont;Morlanwelz-Mariemont
BE;7141;Carnières;Carnières
BE;7141;Mont-Sainte-Aldegonde;Mont-Sainte-Aldegonde
BE;7160;CHAPELLE-LEZ-HERLAIMONT;CHAPELLE-LEZ-HERLAIMONT
BE;7160;Godarville;Godarville
BE;7160;Piéton;Piéton
BE;7170;Bellecourt;Bellecourt
BE;7170;Bois-D'Haine;Bois-D'Haine
BE;7170;Fayt-Lez-Manage;Fayt-Lez-Manage
BE;7170;La Hestre;La Hestre
BE;7170;MANAGE;MANAGE
BE;7180;SENEFFE;SENEFFE
BE;7181;Arquennes;Arquennes
BE;7181;Familleureux;Familleureux
BE;7181;Feluy;Feluy
BE;7181;Petit-Roeulx-Lez-Nivelles;Petit-Roeulx-Lez-Nivelles
BE;7190;ECAUSSINNES;ECAUSSINNES
BE;7190;Ecaussinnes-D'Enghien;Ecaussinnes-D'Enghien
BE;7190;Marche-Lez-Ecaussinnes;Marche-Lez-Ecaussinnes
BE;7191;Ecaussinnes-Lalaing;Ecaussinnes-Lalaing
BE;7300;BOUSSU;BOUSSU
BE;7301;Hornu;Hornu
BE;7320;BERNISSART;BERNISSART
BE;7321;Blaton;Blaton
BE;7321;Harchies;Harchies
BE;7322;Pommeroeul;Pommeroeul
BE;7322;Ville-Pommeroeul;Ville-Pommeroeul
BE;7330;SAINT-GHISLAIN;SAINT-GHISLAIN
BE;7331;Baudour;Baudour
BE;7332;Neufmaison;Neufmaison
BE;7332;Sirault;Sirault
BE;7333;Tertre;Tertre
BE;7334;Hautrage;Hautrage
BE;7334;Villerot;Villerot
BE;7340;COLFONTAINE;COLFONTAINE
BE;7340;Paturages;Paturages
BE;7340;Warquignies;Warquignies
BE;7340;Wasmes;Wasmes
BE;7350;Hainin;Hainin
BE;7350;HENSIES;HENSIES
BE;7350;Montroeul-Sur-Haine;Montroeul-Sur-Haine
BE;7350;Thulin;Thulin
BE;7370;Blaugies;Blaugies
BE;7370;DOUR;DOUR
BE;7370;Elouges;Elouges
BE;7370;Wihéries;Wihéries
BE;7380;Baisieux;Baisieux
BE;7380;QUIÉVRAIN;QUIÉVRAIN
BE;7382;Audregnies;Audregnies
BE;7387;Angre;Angre
BE;7387;Angreau;Angreau
BE;7387;Athis;Athis
BE;7387;Autreppe;Autreppe
BE;7387;Erquennes;Erquennes
BE;7387;Fayt-Le-Franc;Fayt-Le-Franc
BE;7387;HONNELLES;HONNELLES
BE;7387;Marchipont;Marchipont
BE;7387;Montignies-Sur-Roc;Montignies-Sur-Roc
BE;7387;Onnezies;Onnezies
BE;7387;Roisin;Roisin
BE;7390;QUAREGNON;QUAREGNON
BE;7390;Wasmuel;Wasmuel
BE;7500;Ere;Ere
BE;7500;Saint-Maur;Saint-Maur
BE;7500;TOURNAI;TOURNAI
BE;7501;Orcq;Orcq
BE;7502;Esplechin;Esplechin
BE;7503;Froyennes;Froyennes
BE;7504;Froidmont;Froidmont
BE;7506;Willemeau;Willemeau
BE;7510;3 Suisses;3 Suisses
BE;7511;Vitrine Magique;Vitrine Magique
BE;7512;Yves Rocher;Yves Rocher
BE;7513;Yves Rocher;Yves Rocher
BE;7520;Ramegnies-Chin;Ramegnies-Chin
BE;7520;Templeuve;Templeuve
BE;7521;Chercq;Chercq
BE;7522;Blandain;Blandain
BE;7522;Hertain;Hertain
BE;7522;Lamain;Lamain
BE;7522;Marquain;Marquain
BE;7530;Gaurain-Ramecroix;Gaurain-Ramecroix
BE;7531;Havinnes;Havinnes
BE;7532;Beclers;Beclers
BE;7533;Thimougies;Thimougies
BE;7534;Barry;Barry
BE;7534;Maulde;Maulde
BE;7536;Vaulx;Vaulx
BE;7538;Vezon;Vezon
BE;7540;Kain;Kain
BE;7540;Melles;Melles
BE;7540;Quartes;Quartes
BE;7540;Rumillies;Rumillies
BE;7542;Mont-Saint-Aubert;Mont-Saint-Aubert
BE;7543;Mourcourt;Mourcourt
BE;7548;Warchin;Warchin
BE;7600;PÉRUWELZ;PÉRUWELZ
BE;7601;Roucourt;Roucourt
BE;7602;Bury;Bury
BE;7603;Bon-Secours;Bon-Secours
BE;7604;Baugnies;Baugnies
BE;7604;Braffe;Braffe
BE;7604;Brasmenil;Brasmenil
BE;7604;Callenelle;Callenelle
BE;7604;Wasmes-Audemez-Briffoeil;Wasmes-Audemez-Briffoeil
BE;7608;Wiers;Wiers
BE;7610;RUMES;RUMES
BE;7611;La Glanerie;La Glanerie
BE;7618;Taintignies;Taintignies
BE;7620;Bléharies;Bléharies
BE;7620;BRUNEHAUT;BRUNEHAUT
BE;7620;Guignies;Guignies
BE;7620;Hollain;Hollain
BE;7620;Jollain-Merlin;Jollain-Merlin
BE;7620;Wez-Velvain;Wez-Velvain
BE;7621;Lesdain;Lesdain
BE;7622;Laplaigne;Laplaigne
BE;7623;Rongy;Rongy
BE;7624;Howardries;Howardries
BE;7640;ANTOING;ANTOING
BE;7640;Maubray;Maubray
BE;7640;Péronnes-Lez-Antoing;Péronnes-Lez-Antoing
BE;7641;Bruyelle;Bruyelle
BE;7642;Calonne;Calonne
BE;7643;Fontenoy;Fontenoy
BE;7700;Luingne;Luingne
BE;7700;MOUSCRON;MOESKROEN
BE;7711;Dottignies;Dottenijs
BE;7712;Herseaux;Herseaux
BE;7730;Bailleul;Bailleul
BE;7730;Estaimbourg;Estaimbourg
BE;7730;ESTAIMPUIS;ESTAIMPUIS
BE;7730;Evregnies;Evregnies
BE;7730;Leers-Nord;Leers-Nord
BE;7730;Néchin;Néchin
BE;7730;Saint-Léger;Saint-Léger
BE;7740;PECQ;PECQ
BE;7740;Warcoing;Warcoing
BE;7742;Hérinnes-Lez-Pecq;Hérinnes-Lez-Pecq
BE;7743;Esquelmes;Esquelmes
BE;7743;Obigies;Obigies
BE;7750;Amougies;Amougies
BE;7750;Anseroeul;Anseroeul
BE;7750;MONT-DE-L'ENCLUS;MONT-DE-L'ENCLUS
BE;7750;Orroir;Orroir
BE;7750;Russeignies;Russeignies
BE;7760;CELLES;CELLES
BE;7760;Escanaffles;Escanaffles
BE;7760;Molenbaix;Molenbaix
BE;7760;Popuelles;Popuelles
BE;7760;Pottes;Pottes
BE;7760;Velaines;Velaines
BE;7780;Comines;Komen
BE;7780;COMINES-WARNETON;KOMEN-WAASTEN
BE;7781;Houthem;Houthem
BE;7782;Ploegsteert;Ploegsteert
BE;7783;Bizet;Bizet
BE;7784;Bas-Warneton;Neerwaasten
BE;7784;Warneton;Waasten
BE;7800;ATH;ATH
BE;7800;Lanquesaint;Lanquesaint
BE;7801;Irchonwelz;Irchonwelz
BE;7802;Ormeignies;Ormeignies
BE;7803;Bouvignies;Bouvignies
BE;7804;Ostiches;Ostiches
BE;7804;Rebaix;Rebaix
BE;7810;Maffle;Maffle
BE;7811;Arbre;Arbre
BE;7812;Houtaing;Houtaing
BE;7812;Ligne;Ligne
BE;7812;Mainvault;Mainvault
BE;7812;Moulbaix;Moulbaix
BE;7812;Villers-Notre-Dame;Villers-Notre-Dame
BE;7812;Villers-Saint-Amand;Villers-Saint-Amand
BE;7822;Ghislenghien;Ghislenghien
BE;7822;Isières;Isières
BE;7822;Meslin-L'Evêque;Meslin-L'Evêque
BE;7823;Gibecq;Gibecq
BE;7830;Bassilly;Bassilly
BE;7830;Fouleng;Fouleng
BE;7830;Gondregnies;Gondregnies
BE;7830;Graty;Graty
BE;7830;Hellebecq;Hellebecq
BE;7830;Hoves;Hoves
BE;7830;SILLY;SILLY
BE;7830;Thoricourt;Thoricourt
BE;7850;ENGHIEN;EDINGEN
BE;7850;Marcq;Lettelingen
BE;7850;Petit-Enghien;Mark
BE;7860;LESSINES;LESSINES
BE;7861;Papignies;Papignies
BE;7861;Wannebecq;Wannebecq
BE;7862;Ogy;Ogy
BE;7863;Ghoy;Ghoy
BE;7864;Deux-Acren;Deux-Acren
BE;7866;Bois-De-Lessines;Bois-De-Lessines
BE;7866;Ollignies;Ollignies
BE;7870;Bauffe;Bauffe
BE;7870;Cambron-Saint-Vincent;Cambron-Saint-Vincent
BE;7870;LENS;LENS
BE;7870;Lombise;Lombise
BE;7870;Montignies-Lez-Lens;Montignies-Lez-Lens
BE;7880;FLOBECQ;VLOESBERG
BE;7890;ELLEZELLES;ELLEZELLES
BE;7890;Lahamaide;Lahamaide
BE;7890;Wodecq;Wodecq
BE;7900;Grandmetz;Grandmetz
BE;7900;LEUZE-EN-HAINAUT;LEUZE-EN-HAINAUT
BE;7901;Thieulain;Thieulain
BE;7903;Blicquy;Blicquy
BE;7903;Chapelle-À-Oie;Chapelle-À-Oie
BE;7903;Chapelle-À-Wattines;Chapelle-À-Wattines
BE;7904;Pipaix;Pipaix
BE;7904;Tourpes;Tourpes
BE;7904;Willaupuis;Willaupuis
BE;7906;Gallaix;Gallaix
BE;7910;Anvaing;Anvaing
BE;7910;Arc-Ainières;Arc-Ainières
BE;7910;Arc-Wattripont;Arc-Wattripont
BE;7910;Cordes;Cordes
BE;7910;Ellignies-Lez-Frasnes;Ellignies-Lez-Frasnes
BE;7910;Forest;Forest
BE;7910;FRASNES-LEZ-ANVAING;FRASNES-LEZ-ANVAING
BE;7910;Wattripont;Wattripont
BE;7911;Buissenal;Buissenal
BE;7911;Frasnes-Lez-Buissenal;Frasnes-Lez-Buissenal
BE;7911;Hacquegnies;Hacquegnies
BE;7911;Herquegies;Herquegies
BE;7911;Montroeul-Au-Bois;Montroeul-Au-Bois
BE;7911;Moustier;Moustier
BE;7911;Oeudeghien;Oeudeghien
BE;7912;Dergneau;Dergneau
BE;7912;Saint-Sauveur;Saint-Sauveur
BE;7940;BRUGELETTE;BRUGELETTE
BE;7940;Cambron-Casteau;Cambron-Casteau
BE;7941;Attre;Attre
BE;7942;Mévergnies-Lez-Lens;Mévergnies-Lez-Lens
BE;7943;Gages;Gages
BE;7950;CHIÈVRES;CHIÈVRES
BE;7950;Grosage;Grosage
BE;7950;Huissignies;Huissignies
BE;7950;Ladeuze;Ladeuze
BE;7950;Tongre-Saint-Martin;Tongre-Saint-Martin
BE;7951;Tongre-Notre-Dame;Tongre-Notre-Dame
BE;7970;BELOEIL;BELOEIL
BE;7971;Basècles;Basècles
BE;7971;Ramegnies;Ramegnies
BE;7971;Thumaide;Thumaide
BE;7971;Wadelincourt;Wadelincourt
BE;7972;Aubechies;Aubechies
BE;7972;Ellignies-Saint-Anne;Ellignies-Saint-Anne
BE;7972;Quevaucamps;Quevaucamps
BE;7973;Grandglise;Grandglise
BE;7973;Stambruges;Stambruges
BE;8000;BRUGGE;BRUGGE
BE;8000;Koolkerke;Koolkerke
BE;8020;Hertsberge;Hertsberge
BE;8020;OOSTKAMP;OOSTKAMP
BE;8020;Ruddervoorde;Ruddervoorde
BE;8020;Waardamme;Waardamme
BE;8200;Sint-Andries;Sint-Andries
BE;8200;Sint-Michiels;Sint-Michiels
BE;8210;Loppem;Loppem
BE;8210;Veldegem;Veldegem
BE;8210;ZEDELGEM;ZEDELGEM
BE;8211;Aartrijke;Aartrijke
BE;8300;Knokke;Knokke
BE;8300;KNOKKE-HEIST;KNOKKE-HEIST
BE;8300;Westkapelle;Westkapelle
BE;8301;Heist-Aan-Zee;Heist-Aan-Zee
BE;8301;Ramskapelle;Ramskapelle
BE;8310;Assebroek;Assebroek
BE;8310;Sint-Kruis;Sint-Kruis
BE;8340;DAMME;DAMME
BE;8340;Hoeke;Hoeke
BE;8340;Lapscheure;Lapscheure
BE;8340;Moerkerke;Moerkerke
BE;8340;Oostkerke;Oostkerke
BE;8340;Sijsele;Sijsele
BE;8370;BLANKENBERGE;BLANKENBERGE
BE;8370;Uitkerke;Uitkerke
BE;8377;Houtave;Houtave
BE;8377;Meetkerke;Meetkerke
BE;8377;Nieuwmunster;Nieuwmunster
BE;8377;ZUIENKERKE;ZUIENKERKE
BE;8380;Dudzele;Dudzele
BE;8380;Lissewege;Lissewege
BE;8380;Zeebrugge;Zeebrugge
BE;8400;OOSTENDE;OOSTENDE
BE;8400;Stene;Stene
BE;8400;Zandvoorde;Zandvoorde
BE;8420;DE HAAN;DE HAAN
BE;8420;Klemskerke;Klemskerke
BE;8420;Wenduine;Wenduine
BE;8421;Vlissegem;Vlissegem
BE;8430;MIDDELKERKE;MIDDELKERKE
BE;8431;Wilskerke;Wilskerke
BE;8432;Leffinge;Leffinge
BE;8433;Mannekensvere;Mannekensvere
BE;8433;Schore;Schore
BE;8433;Sint-Pieters-Kapelle;Sint-Pieters-Kapelle
BE;8433;Slijpe;Slijpe
BE;8434;Lombardsijde;Lombardsijde
BE;8434;Westende;Westende
BE;8450;BREDENE;BREDENE
BE;8460;Ettelgem;Ettelgem
BE;8460;OUDENBURG;OUDENBURG
BE;8460;Roksem;Roksem
BE;8460;Westkerke;Westkerke
BE;8470;GISTEL;GISTEL
BE;8470;Moere;Moere
BE;8470;Snaaskerke;Snaaskerke
BE;8470;Zevekote;Zevekote
BE;8480;Bekegem;Bekegem
BE;8480;Eernegem;Eernegem
BE;8480;ICHTEGEM;ICHTEGEM
BE;8490;JABBEKE;JABBEKE
BE;8490;Snellegem;Snellegem
BE;8490;Stalhille;Stalhille
BE;8490;Varsenare;Varsenare
BE;8490;Zerkegem;Zerkegem
BE;8500;KORTRIJK;KORTRIJK
BE;8501;Bissegem;Bissegem
BE;8501;Heule;Heule
BE;8510;Bellegem;Bellegem
BE;8510;Kooigem;Kooigem
BE;8510;Marke;Marke
BE;8510;Rollegem;Rollegem
BE;8511;Aalbeke;Aalbeke
BE;8520;KUURNE;KUURNE
BE;8530;HARELBEKE;HARELBEKE
BE;8531;Bavikhove;Bavikhove
BE;8531;Hulste;Hulste
BE;8540;DEERLIJK;DEERLIJK
BE;8550;ZWEVEGEM;ZWEVEGEM
BE;8551;Heestert;Heestert
BE;8552;Moen;Moen
BE;8553;Otegem;Otegem
BE;8554;Sint-Denijs;Sint-Denijs
BE;8560;Gullegem;Gullegem
BE;8560;Moorsele;Moorsele
BE;8560;WEVELGEM;WEVELGEM
BE;8570;ANZEGEM;ANZEGEM
BE;8570;Gijzelbrechtegem;Gijzelbrechtegem
BE;8570;Ingooigem;Ingooigem
BE;8570;Vichte;Vichte
BE;8572;Kaster;Kaster
BE;8573;Tiegem;Tiegem
BE;8580;AVELGEM;AVELGEM
BE;8581;Kerkhove;Kerkhove
BE;8581;Waarmaarde;Waarmaarde
BE;8582;Outrijve;Outrijve
BE;8583;Bossuit;Bossuit
BE;8587;Espierres;Helkijn
BE;8587;ESPIERRES-HELCHIN;Spiere
BE;8587;Helchin;SPIERE-HELKIJN
BE;8600;Beerst;Beerst
BE;8600;DIKSMUIDE;DIKSMUIDE
BE;8600;Driekapellen;Driekapellen
BE;8600;Esen;Esen
BE;8600;Kaaskerke;Kaaskerke
BE;8600;Keiem;Keiem
BE;8600;Lampernisse;Lampernisse
BE;8600;Leke;Leke
BE;8600;Nieuwkapelle;Nieuwkapelle
BE;8600;Oostkerke;Oostkerke
BE;8600;Oudekapelle;Oudekapelle
BE;8600;Pervijze;Pervijze
BE;8600;Sint-Jacobs-Kapelle;Sint-Jacobs-Kapelle
BE;8600;Stuivekenskerke;Stuivekenskerke
BE;8600;Vladslo;Vladslo
BE;8600;Woumen;Woumen
BE;8610;Handzame;Handzame
BE;8610;KORTEMARK;KORTEMARK
BE;8610;Werken;Werken
BE;8610;Zarren;Zarren
BE;8620;NIEUWPOORT;NIEUWPOORT
BE;8620;Ramskapelle;Ramskapelle
BE;8620;Sint-Joris;Sint-Joris
BE;8630;Avekapelle;Avekapelle
BE;8630;Booitshoeke;Booitshoeke
BE;8630;Bulskamp;Bulskamp
BE;8630;De Moeren;De Moeren
BE;8630;Eggewaartskapelle;Eggewaartskapelle
BE;8630;Houtem;Houtem
BE;8630;Steenkerke;Steenkerke
BE;8630;VEURNE;VEURNE
BE;8630;Vinkem;Vinkem
BE;8630;Wulveringem;Wulveringem
BE;8630;Zoutenaaie;Zoutenaaie
BE;8640;Oostvleteren;Oostvleteren
BE;8640;VLETEREN;VLETEREN
BE;8640;Westvleteren;Westvleteren
BE;8640;Woesten;Woesten
BE;8647;Lo;Lo
BE;8647;LO-RENINGE;LO-RENINGE
BE;8647;Noordschote;Noordschote
BE;8647;Pollinkhove;Pollinkhove
BE;8647;Reninge;Reninge
BE;8650;HOUTHULST;HOUTHULST
BE;8650;Klerken;Klerken
BE;8650;Merkem;Merkem
BE;8660;Adinkerke;Adinkerke
BE;8660;DE PANNE;DE PANNE
BE;8670;KOKSIJDE;KOKSIJDE
BE;8670;Oostduinkerke;Oostduinkerke
BE;8670;Wulpen;Wulpen
BE;8680;Bovekerke;Bovekerke
BE;8680;KOEKELARE;KOEKELARE
BE;8680;Zande;Zande
BE;8690;ALVERINGEM;ALVERINGEM
BE;8690;Hoogstade;Hoogstade
BE;8690;Oeren;Oeren
BE;8690;Sint-Rijkers;Sint-Rijkers
BE;8691;Beveren-Aan-De-Ijzer;Beveren-Aan-De-Ijzer
BE;8691;Gijverinkhove;Gijverinkhove
BE;8691;Izenberge;Izenberge
BE;8691;Leisele;Leisele
BE;8691;Stavele;Stavele
BE;8700;Aarsele;Aarsele
BE;8700;Kanegem;Kanegem
BE;8700;Schuiferskapelle;Schuiferskapelle
BE;8700;TIELT;TIELT
BE;8710;Ooigem;Ooigem
BE;8710;Sint-Baafs-Vijve;Sint-Baafs-Vijve
BE;8710;WIELSBEKE;WIELSBEKE
BE;8720;DENTERGEM;DENTERGEM
BE;8720;Markegem;Markegem
BE;8720;Oeselgem;Oeselgem
BE;8720;Wakken;Wakken
BE;8730;BEERNEM;BEERNEM
BE;8730;Oedelem;Oedelem
BE;8730;Sint-Joris;Sint-Joris
BE;8740;Egem;Egem
BE;8740;PITTEM;PITTEM
BE;8750;WINGENE;WINGENE
BE;8750;Zwevezele;Zwevezele
BE;8755;RUISELEDE;RUISELEDE
BE;8760;MEULEBEKE;MEULEBEKE
BE;8770;INGELMUNSTER;INGELMUNSTER
BE;8780;OOSTROZEBEKE;OOSTROZEBEKE
BE;8790;WAREGEM;WAREGEM
BE;8791;Beveren;Beveren
BE;8792;Desselgem;Desselgem
BE;8793;Sint-Eloois-Vijve;Sint-Eloois-Vijve
BE;8800;Beveren;Beveren
BE;8800;Oekene;Oekene
BE;8800;ROESELARE;ROESELARE
BE;8800;Rumbeke;Rumbeke
BE;8810;LICHTERVELDE;LICHTERVELDE
BE;8820;TORHOUT;TORHOUT
BE;8830;Gits;Gits
BE;8830;HOOGLEDE;HOOGLEDE
BE;8840;Oostnieuwkerke;Oostnieuwkerke
BE;8840;STADEN;STADEN
BE;8840;Westrozebeke;Westrozebeke
BE;8850;ARDOOIE;ARDOOIE
BE;8851;Koolskamp;Koolskamp
BE;8860;LENDELEDE;LENDELEDE
BE;8870;Emelgem;Emelgem
BE;8870;IZEGEM;IZEGEM
BE;8870;Kachtem;Kachtem
BE;8880;LEDEGEM;LEDEGEM
BE;8880;Rollegem-Kapelle;Rollegem-Kapelle
BE;8880;Sint-Eloois-Winkel;Sint-Eloois-Winkel
BE;8890;Dadizele;Dadizele
BE;8890;MOORSLEDE;MOORSLEDE
BE;8900;Brielen;Brielen
BE;8900;Dikkebus;Dikkebus
BE;8900;IEPER;IEPER
BE;8900;Sint-Jan;Sint-Jan
BE;8902;Hollebeke;Hollebeke
BE;8902;Voormezele;Voormezele
BE;8902;Zillebeke;Zillebeke
BE;8904;Boezinge;Boezinge
BE;8904;Zuidschote;Zuidschote
BE;8906;Elverdinge;Elverdinge
BE;8908;Vlamertinge;Vlamertinge
BE;8920;Bikschote;Bikschote
BE;8920;Langemark;Langemark
BE;8920;LANGEMARK-POELKAPELLE;LANGEMARK-POELKAPELLE
BE;8920;Poelkapelle;Poelkapelle
BE;8930;Lauwe;Lauwe
BE;8930;MENEN;MENEN
BE;8930;Rekkem;Rekkem
BE;8940;Geluwe;Geluwe
BE;8940;WERVIK;WERVIK
BE;8950;HEUVELLAND;HEUVELLAND
BE;8950;Nieuwkerke;Nieuwkerke
BE;8951;Dranouter;Dranouter
BE;8952;Wulvergem;Wulvergem
BE;8953;Wijtschate;Wijtschate
BE;8954;Westouter;Westouter
BE;8956;Kemmel;Kemmel
BE;8957;MESSINES;MESEN
BE;8958;Loker;Loker
BE;8970;POPERINGE;POPERINGE
BE;8970;Reningelst;Reningelst
BE;8972;Krombeke;Krombeke
BE;8972;Proven;Proven
BE;8972;Roesbrugge-Haringe;Roesbrugge-Haringe
BE;8978;Watou;Watou
BE;8980;Beselare;Beselare
BE;8980;Geluveld;Geluveld
BE;8980;Passendale;Passendale
BE;8980;Zandvoorde;Zandvoorde
BE;8980;ZONNEBEKE;ZONNEBEKE
BE;9000;GENT;GENT
BE;9030;Mariakerke;Mariakerke
BE;9031;Drongen;Drongen
BE;9032;Wondelgem;Wondelgem
BE;9040;Sint-Amandsberg;Sint-Amandsberg
BE;9041;Oostakker;Oostakker
BE;9042;Desteldonk;Desteldonk
BE;9042;Mendonk;Mendonk
BE;9042;Sint-Kruis-Winkel;Sint-Kruis-Winkel
BE;9050;Gentbrugge;Gentbrugge
BE;9050;Ledeberg;Ledeberg
BE;9051;Afsnee;Afsnee
BE;9051;Sint-Denijs-Westrem;Sint-Denijs-Westrem
BE;9052;Zwijnaarde;Zwijnaarde
BE;9060;ZELZATE;ZELZATE
BE;9070;DESTELBERGEN;DESTELBERGEN
BE;9070;Heusden;Heusden
BE;9075;CSM Gent X;CSM Gent X
BE;9080;Beervelde;Beervelde
BE;9080;LOCHRISTI;LOCHRISTI
BE;9080;Zaffelare;Zaffelare
BE;9080;Zeveneken;Zeveneken
BE;9090;Gontrode;Gontrode
BE;9090;MELLE;MELLE
BE;9099;Gent X;Gent X
BE;9100;Nieuwkerken-Waas;Nieuwkerken-Waas
BE;9100;SINT-NIKLAAS;SINT-NIKLAAS
BE;9111;Belsele;Belsele
BE;9112;Sinaai-Waas;Sinaai-Waas
BE;9120;BEVEREN-WAAS;BEVEREN-WAAS
BE;9120;Haasdonk;Haasdonk
BE;9120;Kallo;Kallo
BE;9120;Melsele;Melsele
BE;9120;Vrasene;Vrasene
BE;9130;Doel;Doel
BE;9130;Kallo;Kallo
BE;9130;Kieldrecht;Kieldrecht
BE;9130;Verrebroek;Verrebroek
BE;9140;Elversele;Elversele
BE;9140;Steendorp;Steendorp
BE;9140;TEMSE;TEMSE
BE;9140;Tielrode;Tielrode
BE;9150;Bazel;Bazel
BE;9150;KRUIBEKE;KRUIBEKE
BE;9150;Rupelmonde;Rupelmonde
BE;9160;Daknam;Daknam
BE;9160;Eksaarde;Eksaarde
BE;9160;LOKEREN;LOKEREN
BE;9170;De Klinge;De Klinge
BE;9170;Meerdonk;Meerdonk
BE;9170;SINT-GILLIS-WAAS;SINT-GILLIS-WAAS
BE;9170;Sint-Pauwels;Sint-Pauwels
BE;9180;MOERBEKE-WAAS;MOERBEKE-WAAS
BE;9185;WACHTEBEKE;WACHTEBEKE
BE;9190;Kemzeke;Kemzeke
BE;9190;STEKENE;STEKENE
BE;9200;Appels;Appels
BE;9200;Baasrode;Baasrode
BE;9200;DENDERMONDE;DENDERMONDE
BE;9200;Grembergen;Grembergen
BE;9200;Mespelare;Mespelare
BE;9200;Oudegem;Oudegem
BE;9200;Schoonaarde;Schoonaarde
BE;9200;Sint-Gillis-Dendermonde;Sint-Gillis-Dendermonde
BE;9220;HAMME;HAMME
BE;9220;Moerzeke;Moerzeke
BE;9230;Massemen;Massemen
BE;9230;Westrem;Westrem
BE;9230;WETTEREN;WETTEREN
BE;9240;ZELE;ZELE
BE;9250;WAASMUNSTER;WAASMUNSTER
BE;9255;BUGGENHOUT;BUGGENHOUT
BE;9255;Opdorp;Opdorp
BE;9260;Schellebelle;Schellebelle
BE;9260;Serskamp;Serskamp
BE;9260;WICHELEN;WICHELEN
BE;9270;Kalken;Kalken
BE;9270;LAARNE;LAARNE
BE;9280;Denderbelle;Denderbelle
BE;9280;LEBBEKE;LEBBEKE
BE;9280;Wieze;Wieze
BE;9290;BERLARE;BERLARE
BE;9290;Overmere;Overmere
BE;9290;Uitbergen;Uitbergen
BE;9300;AALST;AALST
BE;9308;Gijzegem;Gijzegem
BE;9308;Hofstade;Hofstade
BE;9310;Baardegem;Baardegem
BE;9310;Herdersem;Herdersem
BE;9310;Meldert;Meldert
BE;9310;Moorsel;Moorsel
BE;9320;Erembodegem;Erembodegem
BE;9320;Nieuwerkerken;Nieuwerkerken
BE;9340;Impe;Impe
BE;9340;LEDE;LEDE
BE;9340;Oordegem;Oordegem
BE;9340;Smetlede;Smetlede
BE;9340;Wanzele;Wanzele
BE;9400;Appelterre-Eichem;Appelterre-Eichem
BE;9400;Denderwindeke;Denderwindeke
BE;9400;Lieferinge;Lieferinge
BE;9400;Nederhasselt;Nederhasselt
BE;9400;NINOVE;NINOVE
BE;9400;Okegem;Okegem
BE;9400;Voorde;Voorde
BE;9401;Pollare;Pollare
BE;9402;Meerbeke;Meerbeke
BE;9403;Neigem;Neigem
BE;9404;Aspelare;Aspelare
BE;9406;Outer;Outer
BE;9420;Aaigem;Aaigem
BE;9420;Bambrugge;Bambrugge
BE;9420;Burst;Burst
BE;9420;Erondegem;Erondegem
BE;9420;Erpe;Erpe
BE;9420;ERPE-MERE;ERPE-MERE
BE;9420;Mere;Mere
BE;9420;Ottergem;Ottergem
BE;9420;Vlekkem;Vlekkem
BE;9450;Denderhoutem;Denderhoutem
BE;9450;HAALTERT;HAALTERT
BE;9450;Heldergem;Heldergem
BE;9451;Kerksken;Kerksken
BE;9470;DENDERLEEUW;DENDERLEEUW
BE;9472;Iddergem;Iddergem
BE;9473;Welle;Welle
BE;9500;GERAARDSBERGEN;GERAARDSBERGEN
BE;9500;Goeferdinge;Goeferdinge
BE;9500;Moerbeke;Moerbeke
BE;9500;Nederboelare;Nederboelare
BE;9500;Onkerzele;Onkerzele
BE;9500;Ophasselt;Ophasselt
BE;9500;Overboelare;Overboelare
BE;9500;Viane;Viane
BE;9500;Zarlardinge;Zarlardinge
BE;9506;Grimminge;Grimminge
BE;9506;Idegem;Idegem
BE;9506;Nieuwenhove;Nieuwenhove
BE;9506;Schendelbeke;Schendelbeke
BE;9506;Smeerebbe-Vloerzegem;Smeerebbe-Vloerzegem
BE;9506;Waarbeke;Waarbeke
BE;9506;Zandbergen;Zandbergen
BE;9520;Bavegem;Bavegem
BE;9520;Oombergen;Oombergen
BE;9520;SINT-LIEVENS-HOUTEM;SINT-LIEVENS-HOUTEM
BE;9520;Vlierzele;Vlierzele
BE;9520;Zonnegem;Zonnegem
BE;9521;Letterhoutem;Letterhoutem
BE;9550;HERZELE;HERZELE
BE;9550;Hillegem;Hillegem
BE;9550;Sint-Antelinks;Sint-Antelinks
BE;9550;Sint-Lievens-Esse;Sint-Lievens-Esse
BE;9550;Steenhuize-Wijnhuize;Steenhuize-Wijnhuize
BE;9550;Woubrechtegem;Woubrechtegem
BE;9551;Ressegem;Ressegem
BE;9552;Borsbeke;Borsbeke
BE;9570;Deftinge;Deftinge
BE;9570;LIERDE;LIERDE
BE;9570;Sint-Maria-Lierde;Sint-Maria-Lierde
BE;9571;Hemelveerdegem;Hemelveerdegem
BE;9572;Sint-Martens-Lierde;Sint-Martens-Lierde
BE;9600;RENAIX;RONSE
BE;9620;Elene;Elene
BE;9620;Erwetegem;Erwetegem
BE;9620;Godveerdegem;Godveerdegem
BE;9620;Grotenberge;Grotenberge
BE;9620;Leeuwergem;Leeuwergem
BE;9620;Oombergen;Oombergen
BE;9620;Sint-Goriks-Oudenhove;Sint-Goriks-Oudenhove
BE;9620;Sint-Maria-Oudenhove;Sint-Maria-Oudenhove
BE;9620;Strijpen;Strijpen
BE;9620;Velzeke-Ruddershove;Velzeke-Ruddershove
BE;9620;ZOTTEGEM;ZOTTEGEM
BE;9630;Beerlegem;Beerlegem
BE;9630;Dikkele;Dikkele
BE;9630;Hundelgem;Hundelgem
BE;9630;Meilegem;Meilegem
BE;9630;Munkzwalm;Munkzwalm
BE;9630;Paulatem;Paulatem
BE;9630;Roborst;Roborst
BE;9630;Rozebeke;Rozebeke
BE;9630;Sint-Blasius-Boekel;Sint-Blasius-Boekel
BE;9630;Sint-Denijs-Boekel;Sint-Denijs-Boekel
BE;9630;Sint-Maria-Latem;Sint-Maria-Latem
BE;9630;ZWALM;ZWALM
BE;9636;Nederzwalm-Hermelgem;Nederzwalm-Hermelgem
BE;9660;BRAKEL;BRAKEL
BE;9660;Elst;Elst
BE;9660;Everbeek;Everbeek
BE;9660;Michelbeke;Michelbeke
BE;9660;Nederbrakel;Nederbrakel
BE;9660;Opbrakel;Opbrakel
BE;9660;Sint-Maria-Oudenhove;Sint-Maria-Oudenhove
BE;9660;Zegelsem;Zegelsem
BE;9661;Parike;Parike
BE;9667;HOREBEKE;HOREBEKE
BE;9667;Sint-Kornelis-Horebeke;Sint-Kornelis-Horebeke
BE;9667;Sint-Maria-Horebeke;Sint-Maria-Horebeke
BE;9680;Etikhove;Etikhove
BE;9680;Maarke-Kerkem;Maarke-Kerkem
BE;9680;MAARKEDAL;MAARKEDAL
BE;9681;Nukerke;Nukerke
BE;9688;Schorisse;Schorisse
BE;9690;Berchem;Berchem
BE;9690;KLUISBERGEN;KLUISBERGEN
BE;9690;Kwaremont;Kwaremont
BE;9690;Ruien;Ruien
BE;9690;Zulzeke;Zulzeke
BE;9700;Bevere;Bevere
BE;9700;Edelare;Edelare
BE;9700;Eine;Eine
BE;9700;Ename;Ename
BE;9700;Heurne;Heurne
BE;9700;Leupegem;Leupegem
BE;9700;Mater;Mater
BE;9700;Melden;Melden
BE;9700;Mullem;Mullem
BE;9700;Nederename;Nederename
BE;9700;Ooike;Ooike
BE;9700;OUDENAARDE;OUDENAARDE
BE;9700;Volkegem;Volkegem
BE;9700;Welden;Welden
BE;9750;Huise;Huise
BE;9750;Ouwegem;Ouwegem
BE;9750;ZINGEM;ZINGEM
BE;9770;KRUISHOUTEM;KRUISHOUTEM
BE;9771;Nokere;Nokere
BE;9772;Wannegem-Lede;Wannegem-Lede
BE;9790;Elsegem;Elsegem
BE;9790;Moregem;Moregem
BE;9790;Ooike;Ooike
BE;9790;Petegem-Aan-De-Schelde;Petegem-Aan-De-Schelde
BE;9790;Wortegem;Wortegem
BE;9790;WORTEGEM-PETEGEM;WORTEGEM-PETEGEM
BE;9800;Astene;Astene
BE;9800;Bachte-Maria-Leerne;Bachte-Maria-Leerne
BE;9800;DEINZE;DEINZE
BE;9800;Gottem;Gottem
BE;9800;Grammene;Grammene
BE;9800;Meigem;Meigem
BE;9800;Petegem-Aan-De-Leie;Petegem-Aan-De-Leie
BE;9800;Sint-Martens-Leerne;Sint-Martens-Leerne
BE;9800;Vinkt;Vinkt
BE;9800;Wontergem;Wontergem
BE;9800;Zeveren;Zeveren
BE;9810;Eke;Eke
BE;9810;NAZARETH;NAZARETH
BE;9820;Bottelare;Bottelare
BE;9820;Lemberge;Lemberge
BE;9820;Melsen;Melsen
BE;9820;MERELBEKE;MERELBEKE
BE;9820;Munte;Munte
BE;9820;Schelderode;Schelderode
BE;9830;SINT-MARTENS-LATEM;SINT-MARTENS-LATEM
BE;9831;Deurle;Deurle
BE;9840;DE PINTE;DE PINTE
BE;9840;Zevergem;Zevergem
BE;9850;Hansbeke;Hansbeke
BE;9850;Landegem;Landegem
BE;9850;Merendree;Merendree
BE;9850;NEVELE;NEVELE
BE;9850;Poesele;Poesele
BE;9850;Vosselare;Vosselare
BE;9860;Balegem;Balegem
BE;9860;Gijzenzele;Gijzenzele
BE;9860;Landskouter;Landskouter
BE;9860;Moortsele;Moortsele
BE;9860;OOSTERZELE;OOSTERZELE
BE;9860;Scheldewindeke;Scheldewindeke
BE;9870;Machelen;Machelen
BE;9870;Olsene;Olsene
BE;9870;ZULTE;ZULTE
BE;9880;AALTER;AALTER
BE;9880;Lotenhulle;Lotenhulle
BE;9880;Poeke;Poeke
BE;9881;Bellem;Bellem
BE;9890;Asper;Asper
BE;9890;Baaigem;Baaigem
BE;9890;Dikkelvenne;Dikkelvenne
BE;9890;GAVERE;GAVERE
BE;9890;Semmerzake;Semmerzake
BE;9890;Vurste;Vurste
BE;9900;EEKLO;EEKLO
BE;9910;KNESSELARE;KNESSELARE
BE;9910;Ursel;Ursel
BE;9920;LOVENDEGEM;LOVENDEGEM
BE;9921;Vinderhoute;Vinderhoute
BE;9930;ZOMERGEM;ZOMERGEM
BE;9931;Oostwinkel;Oostwinkel
BE;9932;Ronsele;Ronsele
BE;9940;Ertvelde;Ertvelde
BE;9940;EVERGEM;EVERGEM
BE;9940;Kluizen;Kluizen
BE;9940;Sleidinge;Sleidinge
BE;9950;WAARSCHOOT;WAARSCHOOT
BE;9960;ASSENEDE;ASSENEDE
BE;9961;Boekhoute;Boekhoute
BE;9968;Bassevelde;Bassevelde
BE;9968;Oosteeklo;Oosteeklo
BE;9970;KAPRIJKE;KAPRIJKE
BE;9971;Lembeke;Lembeke
BE;9980;SINT-LAUREINS;SINT-LAUREINS
BE;9981;Sint-Margriete;Sint-Margriete
BE;9982;Sint-Jan-In-Eremo;Sint-Jan-In-Eremo
BE;9988;Waterland-Oudeman;Waterland-Oudeman
BE;9988;Watervliet;Watervliet
BE;9990;MALDEGEM;MALDEGEM
BE;9991;Adegem;Adegem
BE;9992;Middelburg;Middelburg
