hu;3531;Aba                    ;hu
hu;3519;Abaúji                 ;hu
hu;3532;Acél                   ;hu
hu;3508;Áchim András           ;hu
hu;3508;Ács                    ;hu
hu;3524;Adler Károly           ;hu
hu;3519;Adriányi János;hu
hu;3527;Ady Endre              ;hu
hu;3529;Áfonyás                ;hu
hu;3516;Ág;hu
hu;3501;Ágazat;hu
hu;3526;Aggteleki              ;hu
hu;3516;Ághegy;hu
hu;3516;Ághegy;hu
hu;3521;Akácos                 ;hu
hu;3518;Akna                   ;hu
hu;3534;Aknász                 ;hu
hu;3525;Akó                    ;hu
hu;3534;Ákos                   ;hu
hu;3528;Alföldi                ;hu
hu;3534;Alkotás                ;hu
hu;3528;Alkotmány              ;hu
hu;3518;Állomás                ;hu
hu;3526;Állomás                ;hu
hu;3518;Alma;hu
hu;3518;Alma;hu
hu;3534;Almás ;hu
hu;3508;Almáskert              ;hu
hu;3526;Álmos                  ;hu
hu;3530;Alsó                   ;hu
hu;3535;Alsó Papírgyár         ;hu
hu;3518;Alsókőpad;hu
hu;3501;Alsóruzsin;hu
hu;3501;Alsószentgyörgy;hu
hu;3533;Alsószinva             ;hu
hu;3531;Andor                  ;hu
hu;3531;Andor                  ;hu
hu;3532;Andor                  ;hu
hu;3532;Andrássy Gyula         ;hu
hu;3532;Andrássy Gyula         ;hu
hu;3533;Andrássy Gyula         ;hu
hu;3534;Andrássy Gyula         ;hu
hu;3525;Anna                   ;hu
hu;3532;Annabánya              ;hu
hu;3529;Apáczai Csere János    ;hu
hu;3519;Apát                   ;hu
hu;3516;Apátsági               ;hu
hu;3521;Apostol Bertalan;hu
hu;3519;Aradi                  ;hu
hu;3519;Aradi                  ;hu
hu;3526;Arany János            ;hu
hu;3530;Arany János            ;hu
hu;3519;Aranyeső;hu
hu;3530;Arnóti                 ;hu
hu;3535;Árnyas                 ;hu
hu;3525;Árok                   ;hu
hu;3534;Árpád                  ;hu
hu;3534;Árpád                  ;hu
hu;3535;Árpád                  ;hu
hu;3521;Árvácska               ;hu
hu;3533;Árvíz                  ;hu
hu;3519;Ásító;hu
hu;3516;Asztalos               ;hu
hu;3525;Attila                 ;hu
hu;3527;Augusztus 20.          ;hu
hu;3529;Aulich Lajos           ;hu
hu;3532;Avar                   ;hu
hu;3530;Avasalja               ;hu
hu;3531;Avasalja               ;hu
hu;3528;Babér                  ;hu
hu;3521;Babits Mihály          ;hu
hu;3525;Bábonyibérc            ;hu
hu;3525;Bábonyibérc            ;hu
hu;3525;Bábonyibérc            ;hu
hu;3525;Bábonyibérc Felső     ;hu
hu;3525;Bábonyibérc Újtelep;hu
hu;3525;Bábonyi bérc;hu
hu;3516;Bacsinszky András      ;hu
hu;3516;Bádogos                ;hu
hu;3519;Baghy Gyula            ;hu
hu;3519;Bagoly                 ;hu
hu;3527;Bajcsy-Zsilinszky      ;hu
hu;3527;Bajcsy-Zsilinszky      ;hu
hu;3530;Bajcsy-Zsilinszky      ;hu
hu;3528;Bajza József           ;hu
hu;3519;Bakonyi                ;hu
hu;3528;Balassa;hu
hu;3508;Balassi Bálint         ;hu
hu;3528;Balaton                ;hu
hu;3532;Balázs Győző;hu
hu;3525;Balázsdiák             ;hu
hu;3534;Bálint                 ;hu
hu;3533;Ballagi Károly         ;hu
hu;3508;Ballassi Bálint        ;hu
hu;3529;Balogh Ádám            ;hu
hu;3534;Bánát                  ;hu
hu;3501;Bandzsalgó             ;hu
hu;3525;Bandzsalgó             ;hu
hu;3535;Bánfolyás              ;hu
hu;3535;Bánki Donát            ;hu
hu;3517;Bánkút;hu
hu;3518;Bánya                  ;hu
hu;3534;Bányamécs              ;hu
hu;3535;Bányaoldal;hu
hu;3519;Barabits Fülöp         ;hu
hu;3521;Barát                  ;hu
hu;3535;Baráthegyalja          ;hu
hu;3518;Barátság               ;hu
hu;3508;Bárczay                ;hu
hu;3531;Barcsay Ábrahám        ;hu
hu;3528;Barkóczy Ferenc        ;hu
hu;3519;Barlang                ;hu
hu;3527;Baross Gábor           ;hu
hu;3531;Bársony János          ;hu
hu;3519;Bártfai                ;hu
hu;3530;Bartók Béla            ;hu
hu;3535;Bartók Béla            ;hu
hu;3533;Báthori                ;hu
hu;3531;Báthori István         ;hu
hu;3535;Batsányi János         ;hu
hu;3533;Batthyány              ;hu
hu;3525;Batthyány Lajos        ;hu
hu;3525;Bedeghvölgy            ;hu
hu;3525;Bedegvölgy             ;hu
hu;3535;Béke                   ;hu
hu;3535;Békés                  ;hu
hu;3531;Békeszálló             ;hu
hu;3531;Béla                   ;hu
hu;3518;Bellervölgy;hu
hu;3529;Bem József             ;hu
hu;3519;Bencés                 ;hu
hu;3519;Bencések               ;hu
hu;3519;Bencések               ;hu
hu;3521;Benczúr Gyula          ;hu
hu;3534;Benedek Elek           ;hu
hu;3508;Benedekalja            ;hu
hu;3508;Beniczky Lajos         ;hu
hu;3529;Benke József           ;hu
hu;3528;Benkő Sámuel           ;hu
hu;3525;Bércalja               ;hu
hu;3531;Bercsényi Miklós       ;hu
hu;3519;Beregi                 ;hu
hu;3535;Berekalja              ;hu
hu;3521;Berekkert              ;hu
hu;3528;Berettyó               ;hu
hu;3535;Berkenye               ;hu
hu;3534;Bertalan               ;hu
hu;3528;Berzsenyi Dániel       ;hu
hu;3527;Besenyői               ;hu
hu;3526;Bethlen Gábor          ;hu
hu;3529;Bezerédi István        ;hu
hu;3530;Bihari János           ;hu
hu;3518;Bimbó                  ;hu
hu;3532;Bíró                   ;hu
hu;3516;Bizony Ákos            ;hu
hu;3534;Blaha Lujza            ;hu
hu;3526;Blaskovics László      ;hu
hu;3529;Bocskai István         ;hu
hu;3531;Bodó                   ;hu
hu;3525;Bodótető;hu
hu;3528;Bodrog                 ;hu
hu;3534;Bodrogi Zsigmond       ;hu
hu;3518;Bodza                  ;hu
hu;3508;Bogáncs                ;hu
hu;3521;Bogáncs                ;hu
hu;3508;Boglárka               ;hu
hu;3508;Bognár                 ;hu
hu;3532;Bokréta                ;hu
hu;3519;Bokros                 ;hu
hu;3534;Boldog                 ;hu
hu;3527;Boldva                 ;hu
hu;3518;Bollóalja              ;hu
hu;3533;Bolyai Farkas          ;hu
hu;3527;Bolyai János           ;hu
hu;3516;Borbély                ;hu
hu;3528;Bornemissza Gergely    ;hu
hu;3534;Boróka                 ;hu
hu;3525;Borostyán              ;hu
hu;3530;Bors vezér             ;hu
hu;3526;Botond                 ;hu
hu;3529;Bottyán János          ;hu
hu;3535;Bölcs                  ;hu
hu;3532;Böngér                 ;hu
hu;3525;Börzsöny               ;hu
hu;3519;Branyiszkó             ;hu
hu;3519;Brassói                ;hu
hu;3532;Brigád                 ;hu
hu;3535;Bródy Sándor           ;hu
hu;3525;Bruckner Győző         ;hu
hu;3529;Budai József           ;hu
hu;3534;Budai Nagy Antal       ;hu
hu;3526;Bulcsu                 ;hu
hu;3526;Búza                   ;hu
hu;3525;Búzavirág              ;hu
hu;3527;Buzogány               ;hu
hu;3535;Bükk                   ;hu
hu;3508;Cement                 ;hu
hu;3508;Cementgyári            ;hu
hu;3534;Cinka Panna            ;hu
hu;3530;Corvin                 ;hu
hu;3530;Csabai                 ;hu
hu;3519;Csabai                 ;hu
hu;3529;Csabai;hu
hu;3519;Csabagyöngye;hu
hu;3508;Csabavezér             ;hu
hu;3518;Csáby Lajos            ;hu
hu;3518;Csajkovszkij           ;hu
hu;3534;Csákány                ;hu
hu;3530;Csalogány              ;hu
hu;3535;Csanyikvölgy;hu
hu;3535;Csanyik                ;hu
hu;3530;Csáti                  ;hu
hu;3525;Csattos                ;hu
hu;3534;Csavar                 ;hu
hu;3518;Csehov                 ;hu
hu;3528;Csele                  ;hu
hu;3535;Csemete                ;hu
hu;3508;Csemetekert            ;hu
hu;3535;Csendes                ;hu
hu;3530;Csengey Gusztáv        ;hu
hu;3516;Cserép                 ;hu
hu;3508;Cseresznyés            ;hu
hu;3533;Cserfa                 ;hu
hu;3525;Cserhát                ;hu
hu;3535;Cserje                 ;hu
hu;3516;Csermák Antal          ;hu
hu;3525;Csermely               ;hu
hu;3533;Csermőke               ;hu
hu;3533;Csermőke              ;hu
hu;3518;Csernaj;hu
hu;3518;Cséti Ottó             ;hu
hu;3531;Csillag                ;hu
hu;3534;Csille                 ;hu
hu;3535;Csipkés                ;hu
hu;3534;Csipke virág ;hu
hu;3530;Csizmadia              ;hu
hu;3519;Csizmadia              ;hu
hu;3535;Csóka                  ;hu
hu;3528;Csokonai Vitéz Mihály  ;hu
hu;3530;Csonka                 ;hu
hu;3528;Csonka János           ;hu
hu;3527;Csorba                 ;hu
hu;3534;Csortos Gyula          ;hu
hu;3516;Cukrász                ;hu
hu;3518;Dalárda                ;hu
hu;3508;Dália                  ;hu
hu;3531;Damjanich János        ;hu
hu;3530;Dankó Pista            ;hu
hu;3532;Danlos;hu
hu;3531;Danyivölgy;hu
hu;3516;Dapsy László           ;hu
hu;3532;Daru                   ;hu
hu;3525;Dayka Gábor            ;hu
hu;3525;Deák Ferenc            ;hu
hu;3516;Deák Ferenc            ;hu
hu;3518;Debreceni Márton       ;hu
hu;3519;Dehmel Nándor          ;hu
hu;3516;Déli                   ;hu
hu;3519;Denevér                ;hu
hu;3529;Derkovits Gyula        ;hu
hu;3525;Déryné                 ;hu
hu;3519;Dési Huber István      ;hu
hu;3529;Dessewffy Arisztid     ;hu
hu;3515;Dimitrovhegy;hu
hu;3534;Diófa                  ;hu
hu;3531;Dobó István            ;hu
hu;3529;Dobozy Mihály          ;hu
hu;3525;Dóczy József           ;hu
hu;3508;Dohány                 ;hu
hu;3531;Domb                   ;hu
hu;3533;Domb                   ;hu
hu;3525;Dombalja;hu
hu;3534;Dorottya               ;hu
hu;3525;Dózsa György           ;hu
hu;3525;Dr. Antall József;hu
hu;3508;Dr. Kalocsay Kálmán;hu
hu;3528;Dráva                  ;hu
hu;3532;Drenka;hu
hu;3529;Dugonics András        ;hu
hu;3528;Duna                   ;hu
hu;3527;Éder György            ;hu
hu;3508;Egres                  ;hu
hu;3521;Egressy Béni           ;hu
hu;3528;Egressy Gábor          ;hu
hu;3508;Egri                   ;hu
hu;3515;Egyetem                ;hu
hu;3515;Egyetemváros;hu
hu;3516;Egyetértés             ;hu
hu;3532;Előd                   ;hu
hu;3534;Előhegy                ;hu
hu;3535;Előhegy                ;hu
hu;3535;Előhegy                ;hu
hu;3533;Első                   ;hu
hu;3534;Endresz György         ;hu
hu;3535;Endrődi Sándor         ;hu
hu;3519;Enyedi György          ;hu
hu;3529;Eötvös Lóránd          ;hu
hu;3535;Eper                   ;hu
hu;3526;Eperjesi               ;hu
hu;3534;Epres;hu
hu;3534;Erdélyi                ;hu
hu;3535;Erdész                 ;hu
hu;3518;Erdő                   ;hu
hu;3535;Erdő                   ;hu
hu;3518;Erenyő                 ;hu
hu;3518;Erenyővölgy;hu
hu;3521;Erkel Ferenc           ;hu
hu;3531;Ernye Bán              ;hu
hu;3517;Erzsébet               ;hu
hu;3530;Erzsébet               ;hu
hu;3516;Erzsébet királyné      ;hu
hu;3525;Estike                 ;hu
hu;3519;Esze Tamás             ;hu
hu;3531;Eszperantó ;hu
hu;3531;Eszperantó             ;hu
hu;3508;Eszperantó             ;hu
hu;3525;Eszter                 ;hu
hu;3516;Esztergályos           ;hu
hu;3529;Eszterházy Antal       ;hu
hu;3525;Fábián                 ;hu
hu;3525;Fábián;hu
hu;3532;Fadrusz János          ;hu
hu;3519;Fagyöngy               ;hu
hu;3519;Fajdos                 ;hu
hu;3519;Fajdos                 ;hu
hu;3518;Faller Jenő            ;hu
hu;3518;Farbaky István         ;hu
hu;3516;Farkas;hu
hu;3516;Farkas Antal           ;hu
hu;3529;Farkas Jenő            ;hu
hu;3521;Fáskert                ;hu
hu;3530;Fasor                  ;hu
hu;3518;Fátyolka               ;hu
hu;3525;Fazekas                ;hu
hu;3517;Fazola Frigyes;hu
hu;3534;Fazola Henrik          ;hu
hu;3519;Fecske                 ;hu
hu;3516;Felhő                  ;hu
hu;3525;Felmező                ;hu
hu;3530;Felső                  ;hu
hu;3518;Felsőkőpad;hu
hu;3529;Felsőruzsin;hu
hu;3501;Felsőszentgyörgy       ;hu
hu;3533;Felsőszinva            ;hu
hu;3532;Fém                    ;hu
hu;3535;Fényesvölgyi           ;hu
hu;3529;Fényi Gyula            ;hu
hu;3519;Fenyő                  ;hu
hu;3534;Fenyves                ;hu
hu;3532;Ferenc                 ;hu
hu;3534;Ferenczi Sándor        ;hu
hu;3525;Feszty Árpád           ;hu
hu;3518;Finkey József          ;hu
hu;3508;Fogarasi               ;hu
hu;3527;Fonoda                 ;hu
hu;3528;Forgács Antal          ;hu
hu;3525;Forrásvölgy            ;hu
hu;3558;Fő;hu
hu;3530;Földes Ferenc          ;hu
hu;3528;Fövényszer             ;hu
hu;3528;Franklin Benjámin      ;hu
hu;3508;Futó                   ;hu
hu;3516;Fuvola;hu
hu;3518;Fülemile               ;hu
hu;3535;Fülep József           ;hu
hu;3533;Fürdő                  ;hu
hu;3517;Fűrészmalom;hu
hu;3519;Fürj                   ;hu
hu;3531;Füzes                  ;hu
hu;3531;Gábor Áron             ;hu
hu;3534;Gagarin                ;hu
hu;3525;Galagonyás             ;hu
hu;3532;Gálffy Ignác           ;hu
hu;3528;Ganz Ábrahám           ;hu
hu;3517;Garadna ;hu
hu;3517;Garadna;hu
hu;3528;Garam                  ;hu
hu;3519;Garas Sámuel           ;hu
hu;3508;Garbai Sándor          ;hu
hu;3508;Gárdonyi Géza          ;hu
hu;3508;Gátőr                  ;hu
hu;3521;Gémeskert;hu
hu;3532;Gépész                 ;hu
hu;3532;Gergely                ;hu
hu;3519;Gerle                  ;hu
hu;3530;Geró János             ;hu
hu;3529;Gesztenyés             ;hu
hu;3532;Géza                   ;hu
hu;3516;Ginzery Sándor         ;hu
hu;3534;Gitár;hu
hu;3530;Gizella                ;hu
hu;3533;Glanzer Miksa          ;hu
hu;3533;Gólyahír;hu
hu;3529;Gombos Pál             ;hu
hu;3533;Gorkij                 ;hu
hu;3533;Gózon Lajos            ;hu
hu;3526;Gömöri                 ;hu
hu;3529;Görgey Artúr           ;hu
hu;3530;Görgey Artúr           ;hu
hu;3530;Görgey Artúr           ;hu
hu;3508;Görgős                 ;hu
hu;3532;Görögszőlő             ;hu
hu;3519;Görömbölyi;hu
hu;3534;Gőz                    ;hu
hu;3508;Gránátalma             ;hu
hu;3526;Gubacska               ;hu
hu;3519;Gubás                  ;hu
hu;3528;Gutenberg              ;hu
hu;3528;Gvadányi József        ;hu
hu;3531;Gyár                   ;hu
hu;3535;Gyertyán               ;hu
hu;3527;Gyimesi                ;hu
hu;3526;Gyóni Géza             ;hu
hu;3528;Gyöngyösi István       ;hu
hu;3529;Gyöngyvirág            ;hu
hu;3531;Győri;hu
hu;3531;Győri;hu
hu;3532;Győri;hu
hu;3530;Győri                  ;hu
hu;3519;Győri                  ;hu
hu;3532;Gyula                  ;hu
hu;3530;Hadirokkantak          ;hu
hu;3534;Hajdú                  ;hu
hu;3533;Hajnal                 ;hu
hu;3521;Hajnóczy József        ;hu
hu;3524;Hajós Alfréd           ;hu
hu;3508;Haladás                ;hu
hu;3527;Halász                 ;hu
hu;3534;Haller György          ;hu
hu;3521;Halom                  ;hu
hu;3533;Hamerák Mihály         ;hu
hu;3517;Hámor;hu
hu;3521;Harang                 ;hu
hu;3519;Harkály                ;hu
hu;3533;Harmadik               ;hu
hu;3527;Harmat                 ;hu
hu;3516;Harsányi               ;hu
hu;3535;Hársfa                 ;hu
hu;3533;Hatodik                ;hu
hu;3519;Hattyú                 ;hu
hu;3526;Hatvanötösök           ;hu
hu;3535;Havas                  ;hu
hu;3518;Havasszépe;hu
hu;3534;Hegedű ;hu
hu;3535;Hegyalja               ;hu
hu;3535;Hegyes                 ;hu
hu;3508;Hejő                   ;hu
hu;3533;Hengerész              ;hu
hu;3532;Herceg hajtás;hu
hu;3518;Hérics                 ;hu
hu;3532;Herman Ottó            ;hu
hu;3527;Hernád                 ;hu
hu;3526;Hét vezér;hu
hu;3533;Hetedik                ;hu
hu;3508;Híd                    ;hu
hu;3531;Hideg                  ;hu
hu;3518;Hidegoldal;hu
hu;3508;Hock János             ;hu
hu;3531;Hold                   ;hu
hu;3528;Hollán Ernő            ;hu
hu;3535;Holló                  ;hu
hu;3535;Homok                  ;hu
hu;3519;Homonnai               ;hu
hu;3518;Honszerző              ;hu
hu;3535;Honvéd                 ;hu
hu;3516;Hordó                  ;hu
hu;3525;Horváth Lajos          ;hu
hu;3535;Hóvirág                ;hu
hu;3525;Hősök;hu
hu;3526;Huba                   ;hu
hu;3534;Hunfalvy Pál           ;hu
hu;3530;Hunyadi János          ;hu
hu;3526;Huszár                 ;hu
hu;3531;Hutás                  ;hu
hu;3535;Ibolya                 ;hu
hu;3526;id. Rubik Ernő;hu
hu;3529;Ifjúság                ;hu
hu;3508;Igazság                ;hu
hu;3519;Iglói                  ;hu
hu;3525;Ilona;hu
hu;3532;Illyés Gyula           ;hu
hu;3519;Imreh Zsigmond         ;hu
hu;3528;Ipoly                  ;hu
hu;3530;Irányi Dániel          ;hu
hu;3534;Irinyi János           ;hu
hu;3529;Írisz                  ;hu
hu;3533;Irma                   ;hu
hu;3519;Isaszeg                ;hu
hu;3528;Iskola                 ;hu
hu;3501;Istenhegy              ;hu
hu;3528;Istvánffy Gyula        ;hu
hu;3534;Iván                   ;hu
hu;3508;Izsó Miklós            ;hu
hu;3535;János                  ;hu
hu;3531;Jánosi Ferenc          ;hu
hu;3533;Jászai Mari            ;hu
hu;3529;Jászi Oszkár           ;hu
hu;3517;Jávorkút;hu
hu;3535;Jázmin                 ;hu
hu;3533;Jedlik Ányos           ;hu
hu;3508;Jegenyés               ;hu
hu;3532;Jégvirág;hu
hu;3528;Jendrassik György      ;hu
hu;3521;Jenke                  ;hu
hu;3521;Jenkei                 ;hu
hu;3519;Jogász                 ;hu
hu;3525;Jókai Mór              ;hu
hu;3518;Jónáshegy;hu
hu;3518;Jónáshegy;hu
hu;3524;Jósika Miklós          ;hu
hu;3528;Jósva                  ;hu
hu;3518;Jószerencse            ;hu
hu;3531;József                 ;hu
hu;3527;József Attila          ;hu
hu;3527;József Attila          ;hu
hu;3518;Juhar;hu
hu;3535;Juhász Gyula           ;hu
hu;3533;Kabar                  ;hu
hu;3532;Kabók Lajos            ;hu
hu;3534;Kacsóh Pongrác         ;hu
hu;3516;Kaffka Margit          ;hu
hu;3525;Kakas-hegy;hu
hu;3532;Kalapács               ;hu
hu;3531;Kalló                  ;hu
hu;3530;Kálvin János           ;hu
hu;3528;Kamilla;hu
hu;3501;Kánás                  ;hu
hu;3530;Kandia                 ;hu
hu;3527;Kandó Kálmán           ;hu
hu;3534;Kandó Kálmán           ;hu
hu;3529;Kankalin               ;hu
hu;3535;Kankós                 ;hu
hu;3508;Kapitány               ;hu
hu;3508;Káplár                 ;hu
hu;3528;Kapos                  ;hu
hu;3521;Kaptár                 ;hu
hu;3535;Karabély               ;hu
hu;3531;Karacs Teréz           ;hu
hu;3535;Karinthy Frigyes       ;hu
hu;3508;Károli Gáspár          ;hu
hu;3532;Károly                 ;hu
hu;3519;Károlyi Mihály         ;hu
hu;3534;Kárpáti                ;hu
hu;3516;Kárpitos               ;hu
hu;3527;Kartács                ;hu
hu;3526;Kassai                 ;hu
hu;3521;Kassák Lajos           ;hu
hu;3527;Katalin                ;hu
hu;3530;Katalin                ;hu
hu;3519;Katona József          ;hu
hu;3526;Katowice               ;hu
hu;3532;Kavics                 ;hu
hu;3525;Kazinczy Ferenc        ;hu
hu;3508;Kázmér                 ;hu
hu;3521;Kelet                  ;hu
hu;3534;Kemény                 ;hu
hu;3534;Kempelen Farkas        ;hu
hu;3532;Kerekhegy;hu
hu;3533;Kerpely Antal          ;hu
hu;3508;Kertész                ;hu
hu;3519;Késmárki               ;hu
hu;3533;Kikerics;hu
hu;3533;Kilencedik             ;hu
hu;3527;Kinizsi Pál            ;hu
hu;3527;Kinizsi Pál            ;hu
hu;3529;Kinizsi Pál            ;hu
hu;3530;Király                 ;hu
hu;3530;Kisavas                ;hu
hu;3535;Kisbakos;hu
hu;3519;Kisbenedek             ;hu
hu;3518;Kiserenyő;hu
hu;3528;Kisfaludy Károly       ;hu
hu;3532;Kishajtás              ;hu
hu;3519;Kishonti               ;hu
hu;3525;Kis-Hunyad             ;hu
hu;3532;Kiskirályhegy;hu
hu;3501;Kiskőbánya             ;hu
hu;3525;Kiskőbánya;hu
hu;3525;Kiskőbányaszőlő        ;hu
hu;3519;Kis Kőkötő              ;hu
hu;3519;Kis Kőkötő              ;hu
hu;3533;Kismagashegy;hu
hu;3531;Kiss Ernő              ;hu
hu;3519;Kiss József            ;hu
hu;3534;Kiss Tábornok          ;hu
hu;3519;Kisszentbenedek;hu
hu;3535;Kisszilvás;hu
hu;3524;Klapka György          ;hu
hu;3519;Kmetty János           ;hu
hu;3529;Knézich Károly         ;hu
hu;3508;Koboz                  ;hu
hu;3519;Kócsag                 ;hu
hu;3518;Kodály Zoltán          ;hu
hu;3532;Kohász                 ;hu
hu;3532;Kohó                   ;hu
hu;3533;Kokilla                ;hu
hu;3526;Kolozsvári             ;hu
hu;3533;Komlós;hu
hu;3518;Koncsorgó              ;hu
hu;3535;Kondor Béla            ;hu
hu;3527;Kont István            ;hu
hu;3530;Kont István            ;hu
hu;3530;Kont István            ;hu
hu;3528;Koppány                ;hu
hu;3529;Korach Mór             ;hu
hu;3533;Kórház                 ;hu
hu;3530;Kóris Kálmán           ;hu
hu;3521;Koromházi              ;hu
hu;3529;Kós Károly             ;hu
hu;3525;Kossuth Lajos          ;hu
hu;3517;Kosztolányi Dezső;hu
hu;3516;Kovács                 ;hu
hu;3516;Kozma Andor            ;hu
hu;3508;Kő                     ;hu
hu;3535;Kökény                 ;hu
hu;3524;Kölcsey Ferenc         ;hu
hu;3535;Köln;hu
hu;3534;Költő                  ;hu
hu;3516;Kőműves                ;hu
hu;3533;Könyves Kálmán         ;hu
hu;3534;Könyves Kálmán         ;hu
hu;3518;Kőpad                  ;hu
hu;3518;Kőpad                  ;hu
hu;3531;Kőporos                ;hu
hu;3528;Kőris                  ;hu
hu;3535;Körmöci                ;hu
hu;3528;Kőrös                  ;hu
hu;3527;Kőrösi Csoma Sándor    ;hu
hu;3525;Közdomb;hu
hu;3530;Közép                  ;hu
hu;3531;Középruzsin            ;hu
hu;3531;Középruzsin            ;hu
hu;3501;Középszentgyörgy       ;hu
hu;3529;Középszer              ;hu
hu;3534;Köztársaság            ;hu
hu;3533;Kristály               ;hu
hu;3533;Krókusz;hu
hu;3527;Kruspér István         ;hu
hu;3535;Kuruc                  ;hu
hu;3532;Kutyorvölgy;hu
hu;3532;Kutyorvölgy;hu
hu;3532;Kutyorvölgy;hu
hu;3519;Külső csabai;hu
hu;3508;Kürt                   ;hu
hu;3528;Laborc                 ;hu
hu;3525;Laborfalvi Róza        ;hu
hu;3532;Laczkó;hu
hu;3533;Ládi                   ;hu
hu;3528;Lahner György          ;hu
hu;3530;Lajos                  ;hu
hu;3528;Lajos Árpád;hu
hu;3528;Lajta                  ;hu
hu;3516;Lakatos                ;hu
hu;3534;Lankás                 ;hu
hu;3534;Lant;hu
hu;3534;Lányi Ernő             ;hu
hu;3530;Latabár                ;hu
hu;3527;Latabár Endre          ;hu
hu;3526;Latkóczi Lajos         ;hu
hu;3528;Latorca                ;hu
hu;3518;Lauday János           ;hu
hu;3516;Lavotta                ;hu
hu;3529;Lázár Vilmos           ;hu
hu;3516;Lehár Ferenc           ;hu
hu;3526;Lehel                  ;hu
hu;3530;Leiningen Károly       ;hu
hu;3533;Lejtő;hu
hu;3516;Lengyászó;hu
hu;3530;Lenke                  ;hu
hu;3519;Lenkey Zoltán          ;hu
hu;3524;Leszih Andor           ;hu
hu;3519;Léva                   ;hu
hu;3529;Lévay József           ;hu
hu;3528;Levél                  ;hu
hu;3531;Levendula;hu
hu;3526;Leventevezér           ;hu
hu;3519;Lilaakác;hu
hu;3533;Liliom;hu
hu;3534;Lilla                  ;hu
hu;3516;Lippa;hu
hu;3518;Liszkay Gusztáv        ;hu
hu;3532;Liszt Ferenc           ;hu
hu;3528;Lokomotív              ;hu
hu;3533;Lomb                   ;hu
hu;3533;Lónyay Menyhért        ;hu
hu;3533;Lórántffy Zsuzsanna    ;hu
hu;3517;Losonczy István        ;hu
hu;3526;Lovarda                ;hu
hu;3519;Lőcsei                 ;hu
hu;3531;Lővei                  ;hu
hu;3518;Lugas                  ;hu
hu;3517;Lux Kálmán             ;hu
hu;3532;Lyukóbánya             ;hu
hu;3532;Lyukókitérő;hu
hu;3532;Lyukóoldal;hu
hu;3532;Lyukóvölgy Gulyakút;hu
hu;3532;Lyukóvölgy Kishajtás;hu
hu;3532;Lyukóvölgy Kutyor;hu
hu;3532;Lyukóvölgyi;hu
hu;3534;Madách Imre            ;hu
hu;3530;Mádai Lajos            ;hu
hu;3516;Madár                  ;hu
hu;3525;Madarász Viktor        ;hu
hu;3533;Magashegy;hu
hu;3533;Magashegy;hu
hu;3533;Magashegy;hu
hu;3533;Magyar                 ;hu
hu;3521;Magyar László          ;hu
hu;3535;Majális;hu
hu;3535;Majláth István         ;hu
hu;3525;Major                  ;hu
hu;3508;Május 1.               ;hu
hu;3508;Málnás                 ;hu
hu;3508;Malom                  ;hu
hu;3530;Malomszög              ;hu
hu;3521;Mályva                 ;hu
hu;3533;Mányoki Ádám           ;hu
hu;3521;Marek József           ;hu
hu;3533;Margaréta;hu
hu;3501;Margitta               ;hu
hu;3525;Margittai              ;hu
hu;3534;Mária                  ;hu
hu;3519;Máriássy Sándor        ;hu
hu;3525;Marjalaki Kiss Lajos   ;hu
hu;3532;Maros                  ;hu
hu;3528;Martin Károly          ;hu
hu;3533;Martinász              ;hu
hu;3527;Martinovics Ignác      ;hu
hu;3529;Martinovics Ignác      ;hu
hu;3529;Martinovics Ignác      ;hu
hu;3530;Mártírok;hu
hu;3534;Márton bíró            ;hu
hu;3533;Második                ;hu
hu;3519;Mátra                  ;hu
hu;3525;Mátyás király          ;hu
hu;3527;MÁV                    ;hu
hu;3526;Mechatronik;hu
hu;3519;Mécs László;hu
hu;3525;Mecsek                 ;hu
hu;3508;Mécses                 ;hu
hu;3529;Medgyessy Ferenc       ;hu
hu;3524;Mednyánszky László     ;hu
hu;3518;Meggyes;hu
hu;3530;Meggyesalja            ;hu
hu;3532;Méhész                 ;hu
hu;3530;Melinda                ;hu
hu;3533;Mély                   ;hu
hu;3530;Mélyvölgy              ;hu
hu;3501;Mendikás               ;hu
hu;3516;Meredek                ;hu
hu;3519;Mérnök                 ;hu
hu;3533;Mester                 ;hu
hu;3508;Mész                   ;hu
hu;3519;Mészáros               ;hu
hu;3508;Mésztelep;hu
hu;3508;Mésztelepi;hu
hu;3534;Mexikó                 ;hu
hu;3534;Mexikóvölgy            ;hu
hu;3521;Méz                    ;hu
hu;3528;Mező                   ;hu
hu;3516;Mihályka;hu
hu;3529;Mikes Kelemen          ;hu
hu;3532;Miklós                 ;hu
hu;3529;Mikszáth Kálmán        ;hu
hu;3530;Mindszent              ;hu
hu;3521;Miskolci               ;hu
hu;3519;Miskolctapolcai        ;hu
hu;3534;Mogyoró                ;hu
hu;3519;Moha;hu
hu;3535;Mohás                  ;hu
hu;3521;Mohostó                ;hu
hu;3534;Mokri-Mészáros         ;hu
hu;3534;Mongol                 ;hu
hu;3519;Monostor               ;hu
hu;3533;Mónus Illés            ;hu
hu;3535;Móra Ferenc            ;hu
hu;3534;Móricz Zsigmond        ;hu
hu;3534;Muhi                   ;hu
hu;3530;Munkácsy Mihály        ;hu
hu;3534;Munkás                 ;hu
hu;3528;Mura                   ;hu
hu;3525;Muskátli;hu
hu;3531;Muszkás;hu
hu;3531;Muszkás;hu
hu;3529;Műhely                 ;hu
hu;3508;Nádas                  ;hu
hu;3533;Nádastó;hu
hu;3525;Nagy Ferenc            ;hu
hu;3525;Nagy Imre;hu
hu;3532;Nagy Kerekhegy;hu
hu;3532;Nagy király;hu
hu;3534;Nagy Lajos király      ;hu
hu;3521;Nagy László            ;hu
hu;3518;Nagy László            ;hu
hu;3531;Nagy Sándor            ;hu
hu;3530;Nagy-Avas alsó;hu
hu;3530;Nagy-Avas csonka;hu
hu;3530;Nagy-Avas felső;hu
hu;3530;Nagy-Avas közép;hu
hu;3533;Nagycsermőke           ;hu
hu;3515;Nagykőkötő;hu
hu;3533;Nagymagashegy;hu
hu;3528;Nagypást               ;hu
hu;3508;Nagyszalonta           ;hu
hu;3508;Nagyszebeni            ;hu
hu;3519;Nagyszentbenedek       ;hu
hu;3508;Nagyváradi             ;hu
hu;3530;Nagyváthy János        ;hu
hu;3531;Nagyváthy János        ;hu
hu;3508;Nándorfehérvári        ;hu
hu;3531;Nap                    ;hu
hu;3525;Napfény;hu
hu;3525;Napfürdő               ;hu
hu;3533;Napos;hu
hu;3533;Naposdomb;hu
hu;3533;Naposdomb;hu
hu;3525;Napraforgó             ;hu
hu;3525;Napsugár;hu
hu;3529;Nárcisz                ;hu
hu;3530;Nefelejcs              ;hu
hu;3533;Negyedik               ;hu
hu;3508;Negyvennyolcas         ;hu
hu;3532;Nemzetőr               ;hu
hu;3525;Nimród                 ;hu
hu;3534;Nyár                   ;hu
hu;3533;Nyárfa                 ;hu
hu;3531;Nyírfa                 ;hu
hu;3529;Nyíri Dániel           ;hu
hu;3533;Nyírjes;hu
hu;3521;Nyírjes                ;hu
hu;3519;Nyitrai                ;hu
hu;3533;Nyolcadik              ;hu
hu;3533;Ó                      ;hu
hu;3533;Ógyár                  ;hu
hu;3533;Olvasztár              ;hu
hu;3517;Ómassa                 ;hu
hu;3533;Orgona                 ;hu
hu;3531;Orsó                   ;hu
hu;3528;Ottlik Géza;hu
hu;3521;Óvoda                  ;hu
hu;3533;Örömhegy;hu
hu;3533;Örömhegy;hu
hu;3533;Örös                   ;hu
hu;3532;Örs                    ;hu
hu;3533;Ötödik                 ;hu
hu;3535;Őz                     ;hu
hu;3532;Őzugró                 ;hu
hu;3532;Őzugró                 ;hu
hu;3525;Pacsirta               ;hu
hu;3534;Páfrány                ;hu
hu;3533;Pajtás                 ;hu
hu;3519;Pákozd                 ;hu
hu;3532;Pál                    ;hu
hu;3508;Palánt                 ;hu
hu;3525;Pallós                 ;hu
hu;3534;Pálma                  ;hu
hu;3525;Palóczy László         ;hu
hu;3517;Palota                 ;hu
hu;3528;Páncél                 ;hu
hu;3508;Panoráma;hu
hu;3535;Papír                  ;hu
hu;3530;Papszer                ;hu
hu;3529;Park                   ;hu
hu;3535;Partos                 ;hu
hu;3525;Patak                  ;hu
hu;3524;Pattantyús Ábrahám Géza;hu
hu;3519;Páva                   ;hu
hu;3517;Pávai Vajna Ferenc     ;hu
hu;3519;Pazár István           ;hu
hu;3530;Pázmány                ;hu
hu;3527;Pázsit                 ;hu
hu;3535;Pecérvölgy;hu
hu;3518;Péch Antal             ;hu
hu;3529;Perczel Mór            ;hu
hu;3519;Perzsák;hu
hu;3516;Pesti              ;hu
hu;3508;Pesti          ;hu
hu;3529;Petneházy Dávid        ;hu
hu;3530;Petőfi                 ;hu
hu;3526;Petőfi Sándor          ;hu
hu;3530;Petőfi Sándor          ;hu
hu;3527;Pfaff Ferenc;hu
hu;3528;Pilinszky;hu
hu;3525;Pilis                  ;hu
hu;3508;Pillangó               ;hu
hu;3525;Pintes                 ;hu
hu;3521;Pipacs                 ;hu
hu;3517;Pisztrángtelep;hu
hu;3533;Pitypang;hu
hu;3519;Platán;hu
hu;3533;Pléh Sándor            ;hu
hu;3521;Pólya Jenő             ;hu
hu;3528;Poprád                 ;hu
hu;3528;Pósa Lajos             ;hu
hu;3521;Posta                  ;hu
hu;3526;Pozsonyi               ;hu
hu;3516;Pöltenberg Ernő        ;hu
hu;3525;Prizma;hu
hu;3508;Próbatétel;hu
hu;3517;Puskaporos             ;hu
hu;3535;Puskás Tivadar         ;hu
hu;3533;Puskin                 ;hu
hu;3508;Pusztaszeri            ;hu
hu;3518;Pünkösdhegy;hu
hu;3519;Püspöklak              ;hu
hu;3528;Rába                   ;hu
hu;3532;Rácz Ádám              ;hu
hu;3530;Rácz György            ;hu
hu;3528;Radnóti Miklós         ;hu
hu;3521;Rák                    ;hu
hu;3530;Rákóczi Ferenc         ;hu
hu;3528;Régész                 ;hu
hu;3525;Régiposta              ;hu
hu;3531;Reisinger Ferenc       ;hu
hu;3530;Reményi Ede            ;hu
hu;3526;Repülőtéri             ;hu
hu;3528;Rét                    ;hu
hu;3521;Retek                  ;hu
hu;3532;Réz                    ;hu
hu;3516;Rezeda;hu
hu;3519;Rézműves;hu
hu;3535;Rigó                   ;hu
hu;3508;Rigófütty;hu
hu;3519;Rimaszombati           ;hu
hu;3526;Robert Bosch;hu
hu;3508;Rodostó                ;hu
hu;3534;Róna                   ;hu
hu;3535;Rozgonyi Piroska       ;hu
hu;3508;Rozmaring              ;hu
hu;3535;Rózsa         ;hu
hu;3501;Rózsás                 ;hu
hu;3501;Rózsás Lang            ;hu
hu;3516;Rózsavölgyi            ;hu
hu;3519;Rozsnyói               ;hu
hu;3519;Ruttkay György         ;hu
hu;3531;Ruzsini                ;hu
hu;3531;Ruzsinszőlő            ;hu
hu;3531;Ruzsinszőlő            ;hu
hu;3508;Sáfrány;hu
hu;3527;Sajó                   ;hu
hu;3527;Sajószigeti            ;hu
hu;3531;Salétrom               ;hu
hu;3529;Sályi István           ;hu
hu;3533;Sándor                 ;hu
hu;3530;Sarolta                ;hu
hu;3521;Sárosi Gyula           ;hu
hu;3535;Sas                    ;hu
hu;3533;Sás                    ;hu
hu;3508;Sátor                  ;hu
hu;3531;Schweidel József       ;hu
hu;3517;Sebesvíz;hu
hu;3508;Segesvári              ;hu
hu;3525;Sellő                 ;hu
hu;3519;Sellő                  ;hu
hu;3519;Selmeci                ;hu
hu;3527;Selyemrét              ;hu
hu;3529;Semmelweis Ignác       ;hu
hu;3530;Serház                 ;hu
hu;3533;Sétány                 ;hu
hu;3529;Sibrik Miklós          ;hu
hu;3528;Sik                    ;hu
hu;3516;Simándy Pál            ;hu
hu;3528;Sió                    ;hu
hu;3508;Síp                    ;hu
hu;3519;Sirály                 ;hu
hu;3527;Soltész Nagy Kálmán    ;hu
hu;3527;Soltész Nagy Kálmán    ;hu
hu;3527;Soltész Nagy Kálmán    ;hu
hu;3529;Soltész Nagy Kálmán    ;hu
hu;3530;Soltész Nagy Kálmán    ;hu
hu;3530;Soltész Nagy Kálmán    ;hu
hu;3525;Sólyom                 ;hu
hu;3518;Som                    ;hu
hu;3521;Somlay Artur           ;hu
hu;3535;Somlyó Zoltán          ;hu
hu;3527;Sorompó                ;hu
hu;3533;Sportliget             ;hu
hu;3534;Stadion                ;hu
hu;3528;Stromfeld Aurél        ;hu
hu;3534;Sugár                  ;hu
hu;3508;Sütő János             ;hu
hu;3501;Szabadka               ;hu
hu;3532;Szabadság              ;hu
hu;3529;Szabadságharc          ;hu
hu;3517;Szabadság-kút;hu
hu;3516;Szabó Ervin            ;hu
hu;3516;Szabó Károly           ;hu
hu;3530;Szabó Lőrinc           ;hu
hu;3516;Szabó Zoltán           ;hu
hu;3521;Szacsvay Imre          ;hu
hu;3508;Szalag                 ;hu
hu;3521;Szalay András          ;hu
hu;3528;Szalay Lajos;hu
hu;3508;Szamóca                ;hu
hu;3532;Szamos                 ;hu
hu;3533;Szántó Kovács János    ;hu
hu;3534;Szarkahegy;hu
hu;3532;Szarkaláb;hu
hu;3519;Szathmáry Király Pál   ;hu
hu;3525;Százszorszép;hu
hu;3519;Szebeni                ;hu
hu;3525;Széchenyi István       ;hu
hu;3530;Széchenyi István       ;hu
hu;3533;Szeder                 ;hu
hu;3533;Szegedi                ;hu
hu;3526;Szegfű                 ;hu
hu;3535;Székely                ;hu
hu;3527;Szekerész              ;hu
hu;3526;Szeles                 ;hu
hu;3517;Szeleta                ;hu
hu;3530;Szemere Bertalan       ;hu
hu;3518;Szén                   ;hu
hu;3521;Széna                  ;hu
hu;3526;Szendrei János         ;hu
hu;3528;Szénfy Gusztáv         ;hu
hu;3525;Szent Anna;hu
hu;3531;Szent Anna;hu
hu;3532;Szent Imre             ;hu
hu;3530;Szent István           ;hu
hu;3530;Szent István           ;hu
hu;3525;Szent László           ;hu
hu;3519;Szentbenedek Hegyi     ;hu
hu;3529;Szentgyörgy            ;hu
hu;3518;Szentistványi          ;hu
hu;3519;Szentkereszthegy;hu
hu;3517;Szentlélek;hu
hu;3525;Szentpáli              ;hu
hu;3526;Szentpéteri;hu
hu;3521;Szép                   ;hu
hu;3525;Szepessy Pál           ;hu
hu;3535;Szépvölgy              ;hu
hu;3521;Szerb Antal            ;hu
hu;3532;Szerdahelyi Kálmán     ;hu
hu;3508;Szeretet               ;hu
hu;3533;Szervezet              ;hu
hu;3530;Sziget                 ;hu
hu;3529;Szigethy Mihály        ;hu
hu;3529;Szigligeti Ede         ;hu
hu;3535;Szikla                 ;hu
hu;3529;Szilágyi Dezső         ;hu
hu;3529;Szilvás                ;hu
hu;3535;Szilvásvölgy;hu
hu;3527;Szinva                 ;hu
hu;3534;Szinyei Merse Pál      ;hu
hu;3508;Szirmai                ;hu
hu;3521;Szirmay Antal          ;hu
hu;3518;Szirom                 ;hu
hu;3519;Szitakötő              ;hu
hu;3525;Szivárvány;hu
hu;3516;Szolártsik Sándor      ;hu
hu;3527;Szondy György          ;hu
hu;3527;Szondy György          ;hu
hu;3508;Szózat                 ;hu
hu;3516;Szőlő                  ;hu
hu;3531;Szövő                  ;hu
hu;3528;Szrog Sámuel           ;hu
hu;3525;Szűcs Sámuel           ;hu
hu;3516;Szűcs Sándor           ;hu
hu;3519;Szűrcsapó              ;hu
hu;3508;Tábortűz               ;hu
hu;3525;Tag                    ;hu
hu;3516;Takata;hu
hu;3518;Taksony                ;hu
hu;3528;Takta;hu
hu;3508;Tallér                 ;hu
hu;3532;Tamási Áron            ;hu
hu;3529;Tampere;hu
hu;3518;Táncihegy;hu
hu;3534;Táncsics Mihály        ;hu
hu;3519;Tanító                 ;hu
hu;3516;Tapolcai               ;hu
hu;3535;Tapolcarét;hu
hu;3528;Tapoly                 ;hu
hu;3516;Tarcsa       ;hu
hu;3521;Tarcsay Vilmos         ;hu
hu;3525;Tárkányi Béla          ;hu
hu;3528;Tarló                  ;hu
hu;3528;Tarna;hu
hu;3518;Tárna                  ;hu
hu;3516;Tárogató               ;hu
hu;3521;Tartsay Vilmos;hu
hu;3526;Tass                   ;hu
hu;3534;Tatár                  ;hu
hu;3531;Tatár                  ;hu
hu;3534;Tatárárok              ;hu
hu;3533;Tatárdomb;hu
hu;3532;Tátra                  ;hu
hu;3519;Tavasz;hu
hu;3528;Tavirózsa;hu
hu;3533;Técsey Ferenc          ;hu
hu;3516;Tégla                  ;hu
hu;3533;Téglagyári             ;hu
hu;3531;Teleki                 ;hu
hu;3530;Teleki Blanka          ;hu
hu;3534;Telepy György          ;hu
hu;3528;Temes                  ;hu
hu;3526;Temesvári              ;hu
hu;3534;Temető                 ;hu
hu;3516;Temetőalja             ;hu
hu;3528;Templom                ;hu
hu;3508;Templom                ;hu
hu;3516;Templomhegyi           ;hu
hu;3532;Testvériség            ;hu
hu;3529;Testvérvárosok         ;hu
hu;3526;Tetemvár ;hu
hu;3526;Tetemvár;hu
hu;3526;Tetemvár              ;hu
hu;3526;Tetemvár         ;hu
hu;3519;Thaly Kálmán           ;hu
hu;3531;Thököly Imre           ;hu
hu;3519;Tímár                  ;hu
hu;3532;Tímár malom            ;hu
hu;3525;Tinódi                 ;hu
hu;3528;Tisza                  ;hu
hu;3533;Tizedik                ;hu
hu;3533;Tizenegyedik           ;hu
hu;3530;Tizeshonvéd            ;hu
hu;3525;Tizeshonvéd            ;hu
hu;3534;Tokaji Ferenc          ;hu
hu;3525;Toldi Miklós           ;hu
hu;3530;Tompa Mihály           ;hu
hu;3534;Tópart                 ;hu
hu;3533;Topiczer János         ;hu
hu;3519;Tornai                 ;hu
hu;3532;Torontáli              ;hu
hu;3530;Toronyalja             ;hu
hu;3531;Tóth                   ;hu
hu;3535;Tóth Árpád             ;hu
hu;3528;Tóth Pál               ;hu
hu;3533;Töbrös                 ;hu
hu;3535;Tölgy                  ;hu
hu;3527;Tölgyesi               ;hu
hu;3508;Töltés                 ;hu
hu;3535;Tömörkény István       ;hu
hu;3527;Tömösi                 ;hu
hu;3531;Török Ignác            ;hu
hu;3535;Törökverő              ;hu
hu;3519;Trencséni              ;hu
hu;3530;Tulipán                ;hu
hu;3516;Tücsök                 ;hu
hu;3527;Tüzér                  ;hu
hu;3518;Ucekaj                 ;hu
hu;3530;Uitz Béla              ;hu
hu;3521;Új Élet                ;hu
hu;3518;Újakna                 ;hu
hu;3533;Újgyőri;hu
hu;3532;Újítók                 ;hu
hu;3519;Újjáépítés             ;hu
hu;3521;Újkert                 ;hu
hu;3517;Újmassa;hu
hu;3519;Ungvári                ;hu
hu;3534;Üllő                   ;hu
hu;3527;Üteg                   ;hu
hu;3521;Váci Mihály            ;hu
hu;3517;Vadas Jenő             ;hu
hu;3518;Vadász                 ;hu
hu;3518;Vadász                 ;hu
hu;3516;Vadász                 ;hu
hu;3519;Vadgalamb              ;hu
hu;3508;Vadrózsa               ;hu
hu;3516;Vadvirág;hu
hu;3527;Vágóhíd                ;hu
hu;3534;Vájár                  ;hu
hu;3535;Vajda János            ;hu
hu;3527;Váltó                  ;hu
hu;3529;Váncza Mihály          ;hu
hu;3534;Vár                    ;hu
hu;3519;Váradi                 ;hu
hu;3533;Vargaoldal;hu
hu;3519;Várhegy                ;hu
hu;3525;Várközi Lajos;hu
hu;3530;Városház               ;hu
hu;3532;Vas                    ;hu
hu;3534;Vas Gereben            ;hu
hu;3517;Vásárhelyi István      ;hu
hu;3527;Vásárhelyi Pál         ;hu
hu;3527;Vásártéri              ;hu
hu;3532;Vasgyári               ;hu
hu;3533;Vasgyári               ;hu
hu;3531;Vasgyári               ;hu
hu;3533;Vasöntő                ;hu
hu;3518;Vasút                  ;hu
hu;3529;Vasvári Pál            ;hu
hu;3535;Vasverő                ;hu
hu;3531;Vászonfehérítő         ;hu
hu;3529;Vécsey Károly          ;hu
hu;3528;Velence                ;hu
hu;3529;Venyige                ;hu
hu;3519;Veréb;hu
hu;3527;Vereckei               ;hu
hu;3519;Verne Gyula            ;hu
hu;3534;Verseny                ;hu
hu;3529;Vezér                  ;hu
hu;3527;Vikend                 ;hu
hu;3508;Világ                  ;hu
hu;3534;Vince                  ;hu
hu;3519;Viola                  ;hu
hu;3532;Virág                  ;hu
hu;3528;Visó                   ;hu
hu;3528;Visó                   ;hu
hu;3527;Vitéz                  ;hu
hu;3516;Vizirózsa              ;hu
hu;3525;Vologda                ;hu
hu;3533;Völgy;hu
hu;3534;Vörös                  ;hu
hu;3533;Vörös Bérc             ;hu
hu;3530;Vörösmarty Mihály      ;hu
hu;3525;Wass Albert;hu
hu;3531;Wesselényi Miklós      ;hu
hu;3528;Zagyva                 ;hu
hu;3528;Zala                   ;hu
hu;3530;Zamenhof               ;hu
hu;3519;Zárda                  ;hu
hu;3508;Zászló                 ;hu
hu;3519;Zempléni               ;hu
hu;3534;Zenta                  ;hu
hu;3527;Zielinsky Szilárd      ;hu
hu;3519;Zilahi                 ;hu
hu;3532;Zoltán                 ;hu
hu;3519;Zólyomi                ;hu
hu;3526;Zombori                ;hu
hu;3529;Zrínyi Ilona           ;hu
hu;3516;Zsák;hu
hu;3528;Zsedényi Béla          ;hu
hu;3527;Zsigmondy Vilmos       ;hu
hu;3530;Zsolcai                ;hu
hu;3526;Zsolcai;hu
hu;3527;Zsolcai;hu
hu;3519;Zsórioldal;hu
